Date,Open,High,Low,Close,Adj Close,Volume,Symbol
2023-08-07,399.06,400.25,398.66,399.46,399.46,86913810,SPY
2023-08-08,398.34,399.54,397.94,398.74,398.74,82868828,SPY
2023-08-09,400.29,401.50,399.89,400.69,400.69,140825067,SPY
2023-08-10,410.28,411.51,409.87,410.69,410.69,149410741,SPY
2023-08-11,412.65,413.89,412.24,413.07,413.07,106629388,SPY
2023-08-12,411.33,412.57,410.92,411.74,411.74,54265799,SPY
2023-08-13,415.92,417.17,415.50,416.33,416.33,117827638,SPY
2023-08-14,417.07,418.32,416.65,417.48,417.48,130801586,SPY
2023-08-15,421.51,422.77,421.09,421.93,421.93,137226012,SPY
2023-08-16,422.54,423.81,422.12,422.97,422.97,144130244,SPY
2023-08-17,418.59,419.84,418.17,419.00,419.00,129089901,SPY
2023-08-18,417.69,418.94,417.27,418.10,418.10,87338124,SPY
2023-08-19,418.28,419.54,417.86,418.70,418.70,71429110,SPY
2023-08-20,417.95,419.20,417.53,418.37,418.37,143702683,SPY
2023-08-21,413.81,415.05,413.40,414.22,414.22,78898923,SPY
2023-08-22,416.48,417.73,416.07,416.90,416.90,95176955,SPY
2023-08-23,421.71,422.97,421.28,422.13,422.13,98181396,SPY
2023-08-24,425.75,427.03,425.32,426.17,426.17,96164955,SPY
2023-08-25,416.88,418.13,416.46,417.29,417.29,147942942,SPY
2023-08-26,410.33,411.56,409.92,410.74,410.74,111662963,SPY
2023-08-27,394.53,395.72,394.14,394.93,394.93,100806024,SPY
2023-08-28,391.26,392.43,390.86,391.65,391.65,60576383,SPY
2023-08-29,381.12,382.26,380.73,381.50,381.50,133016315,SPY
2023-08-30,377.97,379.10,377.59,378.35,378.35,98537831,SPY
2023-08-31,370.44,371.55,370.07,370.81,370.81,56150444,SPY
2023-09-01,366.69,367.79,366.32,367.05,367.05,138753260,SPY
2023-09-02,367.61,368.71,367.24,367.98,367.98,60709497,SPY
2023-09-03,372.42,373.53,372.04,372.79,372.79,81244663,SPY
2023-09-04,376.36,377.50,375.99,376.74,376.74,110855700,SPY
2023-09-05,372.56,373.68,372.19,372.93,372.93,135320121,SPY
2023-09-06,374.54,375.66,374.16,374.91,374.91,97683626,SPY
2023-09-07,371.94,373.06,371.57,372.32,372.32,78119557,SPY
2023-09-08,368.07,369.17,367.70,368.44,368.44,141744214,SPY
2023-09-09,360.83,361.92,360.47,361.19,361.19,136977837,SPY
2023-09-10,368.04,369.15,367.68,368.41,368.41,121691040,SPY
2023-09-11,371.74,372.86,371.37,372.11,372.11,147861742,SPY
2023-09-12,372.24,373.36,371.87,372.61,372.61,86231783,SPY
2023-09-13,378.75,379.89,378.37,379.13,379.13,135899313,SPY
2023-09-14,377.54,378.67,377.16,377.92,377.92,93524491,SPY
2023-09-15,374.15,375.27,373.78,374.53,374.53,57507864,SPY
2023-09-16,374.64,375.76,374.26,375.01,375.01,92339391,SPY
2023-09-17,376.36,377.49,375.98,376.74,376.74,103843426,SPY
2023-09-18,376.23,377.36,375.85,376.61,376.61,126125617,SPY
2023-09-19,380.39,381.53,380.01,380.77,380.77,146356822,SPY
2023-09-20,377.40,378.54,377.03,377.78,377.78,103100814,SPY
2023-09-21,385.30,386.45,384.91,385.68,385.68,136282117,SPY
2023-09-22,381.22,382.37,380.84,381.60,381.60,83101783,SPY
2023-09-23,382.67,383.82,382.29,383.06,383.06,149990728,SPY
2023-09-24,378.83,379.96,378.45,379.21,379.21,128461803,SPY
2023-09-25,377.46,378.60,377.08,377.84,377.84,107503414,SPY
2023-09-26,382.34,383.49,381.96,382.73,382.73,79436733,SPY
2023-09-27,379.18,380.32,378.80,379.56,379.56,68566572,SPY
2023-09-28,377.01,378.14,376.63,377.38,377.38,56323852,SPY
2023-09-29,377.16,378.29,376.78,377.54,377.54,64716857,SPY
2023-09-30,379.38,380.52,379.00,379.76,379.76,141332642,SPY
2023-10-01,382.43,383.58,382.05,382.82,382.82,106661351,SPY
2023-10-02,378.09,379.23,377.71,378.47,378.47,129978790,SPY
2023-10-03,375.21,376.34,374.83,375.59,375.59,112820592,SPY
2023-10-04,360.78,361.86,360.42,361.14,361.14,51540956,SPY
2023-10-05,358.45,359.52,358.09,358.80,358.80,141306093,SPY
2023-10-06,357.24,358.32,356.89,357.60,357.60,122070937,SPY
2023-10-07,349.56,350.61,349.21,349.91,349.91,85812670,SPY
2023-10-08,350.40,351.45,350.05,350.75,350.75,89392920,SPY
2023-10-09,345.92,346.95,345.57,346.26,346.26,108353204,SPY
2023-10-10,346.42,347.46,346.07,346.77,346.77,146917555,SPY
2023-10-11,347.05,348.09,346.70,347.40,347.40,146593904,SPY
2023-10-12,346.81,347.85,346.46,347.16,347.16,73978249,SPY
2023-10-13,353.20,354.26,352.84,353.55,353.55,118139880,SPY
2023-10-14,362.62,363.71,362.26,362.98,362.98,90056581,SPY
2023-10-15,357.17,358.24,356.81,357.53,357.53,135758349,SPY
2023-10-16,353.89,354.95,353.54,354.25,354.25,100185867,SPY
2023-10-17,354.00,355.07,353.65,354.36,354.36,71682744,SPY
2023-10-18,345.35,346.38,345.00,345.69,345.69,121182864,SPY
2023-10-19,343.42,344.45,343.08,343.76,343.76,50076758,SPY
2023-10-20,338.84,339.86,338.51,339.18,339.18,65014631,SPY
2023-10-21,335.69,336.70,335.35,336.02,336.02,98718453,SPY
2023-10-22,342.83,343.86,342.49,343.18,343.18,91273847,SPY
2023-10-23,336.41,337.42,336.07,336.74,336.74,82138745,SPY
2023-10-24,346.35,347.39,346.00,346.69,346.69,60570592,SPY
2023-10-25,350.42,351.47,350.07,350.77,350.77,61496211,SPY
2023-10-26,349.60,350.65,349.25,349.95,349.95,121498611,SPY
2023-10-27,340.29,341.32,339.95,340.63,340.63,66879290,SPY
2023-10-28,344.58,345.61,344.23,344.92,344.92,123793389,SPY
2023-10-29,349.09,350.14,348.74,349.44,349.44,72162965,SPY
2023-10-30,348.37,349.41,348.02,348.71,348.71,106792612,SPY
2023-10-31,359.20,360.28,358.84,359.56,359.56,78427073,SPY
2023-11-01,367.64,368.75,367.27,368.01,368.01,142592466,SPY
2023-11-02,363.94,365.03,363.58,364.30,364.30,76998038,SPY
2023-11-03,362.96,364.05,362.60,363.32,363.32,140152297,SPY
2023-11-04,357.90,358.98,357.55,358.26,358.26,137225156,SPY
2023-11-05,350.13,351.18,349.78,350.48,350.48,110597444,SPY
2023-11-06,358.45,359.53,358.10,358.81,358.81,66240908,SPY
2023-11-07,358.77,359.84,358.41,359.13,359.13,52823170,SPY
2023-11-08,361.01,362.09,360.65,361.37,361.37,128961459,SPY
2023-11-09,354.49,355.56,354.14,354.85,354.85,50965138,SPY
2023-11-10,352.42,353.48,352.07,352.78,352.78,59528530,SPY
2023-11-11,352.22,353.28,351.87,352.58,352.58,59046318,SPY
2023-11-12,350.73,351.78,350.38,351.08,351.08,54216175,SPY
2023-11-13,352.29,353.35,351.94,352.64,352.64,81944441,SPY
2023-11-14,351.01,352.06,350.66,351.36,351.36,87376585,SPY
2023-11-15,349.51,350.56,349.16,349.86,349.86,67758595,SPY
2023-11-16,346.61,347.65,346.26,346.96,346.96,147086737,SPY
2023-11-17,353.10,354.16,352.75,353.46,353.46,113440831,SPY
2023-11-18,350.67,351.72,350.32,351.02,351.02,82614537,SPY
2023-11-19,353.01,354.07,352.66,353.36,353.36,75556386,SPY
2023-11-20,343.91,344.94,343.56,344.25,344.25,62660194,SPY
2023-11-21,348.67,349.72,348.33,349.02,349.02,106851760,SPY
2023-11-22,352.13,353.19,351.78,352.48,352.48,105177213,SPY
2023-11-23,344.06,345.09,343.72,344.40,344.40,140377459,SPY
2023-11-24,346.05,347.09,345.70,346.40,346.40,137705310,SPY
2023-11-25,348.68,349.73,348.33,349.03,349.03,104038913,SPY
2023-11-26,348.72,349.77,348.37,349.07,349.07,147739173,SPY
2023-11-27,343.46,344.50,343.12,343.81,343.81,83374088,SPY
2023-11-28,352.41,353.47,352.06,352.77,352.77,75714784,SPY
2023-11-29,354.81,355.88,354.46,355.17,355.17,106623995,SPY
2023-11-30,360.50,361.58,360.14,360.86,360.86,74627347,SPY
2023-12-01,360.06,361.14,359.70,360.42,360.42,60117988,SPY
2023-12-02,364.37,365.47,364.01,364.74,364.74,109476001,SPY
2023-12-03,368.50,369.61,368.13,368.87,368.87,63141087,SPY
2023-12-04,358.63,359.71,358.27,358.99,358.99,56789850,SPY
2023-12-05,355.05,356.11,354.69,355.40,355.40,51980765,SPY
2023-12-06,349.90,350.95,349.55,350.25,350.25,62517517,SPY
2023-12-07,359.31,360.39,358.95,359.67,359.67,72321899,SPY
2023-12-08,354.92,355.99,354.57,355.28,355.28,104547971,SPY
2023-12-09,351.53,352.59,351.18,351.88,351.88,103826716,SPY
2023-12-10,352.14,353.20,351.79,352.49,352.49,57869910,SPY
2023-12-11,352.60,353.66,352.25,352.95,352.95,102401521,SPY
2023-12-12,353.18,354.24,352.83,353.54,353.54,85594951,SPY
2023-12-13,361.78,362.87,361.42,362.14,362.14,88285503,SPY
2023-12-14,357.83,358.91,357.47,358.19,358.19,106775103,SPY
2023-12-15,355.26,356.32,354.90,355.61,355.61,124593961,SPY
2023-12-16,347.39,348.44,347.04,347.74,347.74,138834863,SPY
2023-12-17,347.07,348.12,346.73,347.42,347.42,89823450,SPY
2023-12-18,344.39,345.43,344.05,344.74,344.74,79219319,SPY
2023-12-19,351.33,352.39,350.98,351.68,351.68,122772208,SPY
2023-12-20,350.26,351.31,349.91,350.61,350.61,58181586,SPY
2023-12-21,350.52,351.57,350.17,350.87,350.87,128406989,SPY
2023-12-22,348.99,350.04,348.64,349.34,349.34,113993471,SPY
2023-12-23,339.03,340.05,338.69,339.37,339.37,71130263,SPY
2023-12-24,339.12,340.14,338.78,339.46,339.46,57634247,SPY
2023-12-25,341.41,342.43,341.07,341.75,341.75,74941004,SPY
2023-12-26,341.17,342.20,340.83,341.51,341.51,59196777,SPY
2023-12-27,335.10,336.10,334.76,335.43,335.43,81568532,SPY
2023-12-28,331.13,332.12,330.80,331.46,331.46,104193837,SPY
2023-12-29,339.01,340.03,338.67,339.35,339.35,83046464,SPY
2023-12-30,346.59,347.63,346.25,346.94,346.94,127701200,SPY
2023-12-31,340.88,341.90,340.54,341.22,341.22,106267415,SPY
2024-01-01,337.18,338.19,336.84,337.51,337.51,138231132,SPY
2024-01-02,332.13,333.12,331.79,332.46,332.46,84999379,SPY
2024-01-03,329.35,330.34,329.02,329.68,329.68,77415205,SPY
2024-01-04,327.54,328.52,327.21,327.87,327.87,85650176,SPY
2024-01-05,324.07,325.04,323.74,324.39,324.39,103121477,SPY
2024-01-06,329.09,330.08,328.76,329.42,329.42,111367643,SPY
2024-01-07,334.56,335.57,334.23,334.90,334.90,92436584,SPY
2024-01-08,345.44,346.47,345.09,345.78,345.78,51250299,SPY
2024-01-09,340.48,341.50,340.14,340.82,340.82,111510041,SPY
2024-01-10,335.99,337.00,335.66,336.33,336.33,63419256,SPY
2024-01-11,331.79,332.78,331.46,332.12,332.12,59832887,SPY
2024-01-12,326.31,327.29,325.98,326.63,326.63,67778019,SPY
2024-01-13,325.21,326.18,324.88,325.53,325.53,96843172,SPY
2024-01-14,332.82,333.82,332.48,333.15,333.15,99597086,SPY
2024-01-15,326.10,327.08,325.77,326.42,326.42,88250360,SPY
2024-01-16,331.43,332.43,331.10,331.76,331.76,144427530,SPY
2024-01-17,339.58,340.60,339.24,339.92,339.92,90603163,SPY
2024-01-18,328.36,329.35,328.03,328.69,328.69,137775215,SPY
2024-01-19,319.23,320.19,318.91,319.55,319.55,120993218,SPY
2024-01-20,328.30,329.29,327.98,328.63,328.63,90181935,SPY
2024-01-21,329.01,330.00,328.68,329.34,329.34,139038526,SPY
2024-01-22,337.33,338.34,336.99,337.67,337.67,85496015,SPY
2024-01-23,343.89,344.92,343.55,344.24,344.24,65492573,SPY
2024-01-24,350.70,351.76,350.35,351.05,351.05,70863865,SPY
2024-01-25,345.45,346.49,345.10,345.79,345.79,86553958,SPY
2024-01-26,345.02,346.05,344.67,345.36,345.36,96020613,SPY
2024-01-27,348.78,349.83,348.43,349.13,349.13,77326368,SPY
2024-01-28,345.14,346.18,344.80,345.49,345.49,117834855,SPY
2024-01-29,336.05,337.06,335.72,336.39,336.39,115569635,SPY
2024-01-30,336.24,337.25,335.91,336.58,336.58,56818112,SPY
2024-01-31,347.54,348.58,347.19,347.88,347.88,62388090,SPY
2024-02-01,341.30,342.32,340.96,341.64,341.64,55917225,SPY
2024-02-02,334.38,335.38,334.04,334.71,334.71,50475894,SPY
2024-02-03,333.31,334.31,332.98,333.65,333.65,85159040,SPY
2024-02-04,335.87,336.88,335.54,336.21,336.21,71687165,SPY
2024-02-05,335.79,336.80,335.45,336.12,336.12,107403166,SPY
2024-02-06,329.69,330.68,329.36,330.02,330.02,125283645,SPY
2024-02-07,331.90,332.90,331.57,332.24,332.24,142747083,SPY
2024-02-08,332.29,333.29,331.96,332.62,332.62,70005727,SPY
2024-02-09,323.48,324.46,323.16,323.81,323.81,128183110,SPY
2024-02-10,321.14,322.11,320.82,321.46,321.46,124158663,SPY
2024-02-11,322.90,323.87,322.58,323.22,323.22,91373735,SPY
2024-02-12,325.19,326.16,324.86,325.51,325.51,98942697,SPY
2024-02-13,332.45,333.45,332.12,332.79,332.79,55354599,SPY
2024-02-14,327.45,328.43,327.12,327.77,327.77,98024342,SPY
2024-02-15,328.63,329.62,328.30,328.96,328.96,63796726,SPY
2024-02-16,332.51,333.51,332.18,332.85,332.85,97469942,SPY
2024-02-17,334.73,335.73,334.39,335.06,335.06,104543049,SPY
2024-02-18,324.76,325.73,324.43,325.08,325.08,133303777,SPY
2024-02-19,324.98,325.96,324.65,325.30,325.30,81774346,SPY
2024-02-20,314.12,315.07,313.81,314.44,314.44,71810617,SPY
2024-02-21,322.88,323.84,322.55,323.20,323.20,105337219,SPY
2024-02-22,321.82,322.78,321.50,322.14,322.14,53326769,SPY
2024-02-23,326.79,327.77,326.46,327.11,327.11,105259205,SPY
2024-02-24,337.11,338.12,336.77,337.45,337.45,139913412,SPY
2024-02-25,343.44,344.47,343.10,343.78,343.78,85810056,SPY
2024-02-26,336.63,337.64,336.29,336.97,336.97,71367172,SPY
2024-02-27,337.46,338.47,337.12,337.80,337.80,55197528,SPY
2024-02-28,335.38,336.38,335.04,335.71,335.71,113174945,SPY
2024-02-29,337.24,338.25,336.90,337.58,337.58,111780854,SPY
2024-03-01,346.69,347.73,346.34,347.03,347.03,96930359,SPY
2024-03-02,343.82,344.85,343.47,344.16,344.16,80547349,SPY
2024-03-03,352.73,353.79,352.38,353.08,353.08,79920292,SPY
2024-03-04,356.44,357.51,356.08,356.80,356.80,94058573,SPY
2024-03-05,357.25,358.32,356.89,357.60,357.60,87393469,SPY
2024-03-06,366.74,367.84,366.37,367.11,367.11,87463522,SPY
2024-03-07,356.22,357.29,355.87,356.58,356.58,97130035,SPY
2024-03-08,353.10,354.17,352.75,353.46,353.46,121969657,SPY
2024-03-09,349.23,350.28,348.88,349.58,349.58,94446182,SPY
2024-03-10,351.92,352.98,351.57,352.27,352.27,85059710,SPY
2024-03-11,351.23,352.28,350.88,351.58,351.58,73966966,SPY
2024-03-12,338.30,339.32,337.96,338.64,338.64,55134794,SPY
2024-03-13,331.52,332.51,331.19,331.85,331.85,64549543,SPY
2024-03-14,328.02,329.01,327.69,328.35,328.35,92101056,SPY
2024-03-15,325.70,326.68,325.37,326.03,326.03,108571795,SPY
2024-03-16,321.37,322.33,321.05,321.69,321.69,101700055,SPY
2024-03-17,318.05,319.01,317.74,318.37,318.37,127388337,SPY
2024-03-18,318.84,319.79,318.52,319.16,319.16,108526649,SPY
2024-03-19,320.43,321.39,320.11,320.75,320.75,50226999,SPY
2024-03-20,312.05,312.98,311.73,312.36,312.36,142188405,SPY
2024-03-21,311.24,312.17,310.92,311.55,311.55,146560259,SPY
2024-03-22,318.58,319.54,318.27,318.90,318.90,76445607,SPY
2024-03-23,315.98,316.92,315.66,316.29,316.29,98884978,SPY
2024-03-24,305.73,306.65,305.42,306.04,306.04,94318698,SPY
2024-03-25,310.65,311.59,310.34,310.96,310.96,133638503,SPY
2024-03-26,307.37,308.29,307.06,307.67,307.67,146603781,SPY
2024-03-27,315.85,316.80,315.53,316.17,316.17,90308572,SPY
2024-03-28,309.09,310.01,308.78,309.39,309.39,93779528,SPY
2024-03-29,309.02,309.95,308.72,309.33,309.33,104009265,SPY
2024-03-30,307.35,308.28,307.04,307.66,307.66,75748341,SPY
2024-03-31,302.06,302.96,301.75,302.36,302.36,106431351,SPY
2024-04-01,300.04,300.95,299.74,300.34,300.34,73357554,SPY
2024-04-02,296.50,297.39,296.21,296.80,296.80,132613013,SPY
2024-04-03,292.62,293.50,292.33,292.91,292.91,50054484,SPY
2024-04-04,290.97,291.84,290.68,291.26,291.26,90785405,SPY
2024-04-05,290.14,291.01,289.85,290.43,290.43,127844239,SPY
2024-04-06,294.86,295.75,294.57,295.16,295.16,131424737,SPY
2024-04-07,292.31,293.19,292.02,292.60,292.60,109345683,SPY
2024-04-08,288.49,289.36,288.20,288.78,288.78,140681152,SPY
2024-04-09,289.83,290.70,289.54,290.12,290.12,148779073,SPY
2024-04-10,294.86,295.74,294.56,295.15,295.15,72775593,SPY
2024-04-11,293.14,294.02,292.84,293.43,293.43,139100953,SPY
2024-04-12,290.35,291.22,290.06,290.64,290.64,134951883,SPY
2024-04-13,289.17,290.04,288.88,289.46,289.46,81523529,SPY
2024-04-14,288.09,288.96,287.81,288.38,288.38,140301106,SPY
2024-04-15,285.42,286.28,285.14,285.71,285.71,69777514,SPY
2024-04-16,292.86,293.74,292.56,293.15,293.15,53278320,SPY
2024-04-17,305.19,306.11,304.88,305.50,305.50,132043803,SPY
2024-04-18,309.20,310.13,308.89,309.51,309.51,59774839,SPY
2024-04-19,300.16,301.06,299.86,300.46,300.46,127265240,SPY
2024-04-20,302.99,303.90,302.69,303.30,303.30,76096655,SPY
2024-04-21,302.35,303.26,302.05,302.65,302.65,103640499,SPY
2024-04-22,298.22,299.11,297.92,298.52,298.52,82747037,SPY
2024-04-23,302.55,303.46,302.25,302.85,302.85,64305904,SPY
2024-04-24,308.33,309.26,308.02,308.64,308.64,107062156,SPY
2024-04-25,310.20,311.13,309.89,310.51,310.51,143403697,SPY
2024-04-26,318.69,319.65,318.37,319.01,319.01,119519112,SPY
2024-04-27,312.99,313.93,312.68,313.31,313.31,66288475,SPY
2024-04-28,314.57,315.51,314.25,314.88,314.88,111265269,SPY
2024-04-29,318.35,319.30,318.03,318.67,318.67,121287314,SPY
2024-04-30,322.57,323.54,322.25,322.89,322.89,125017682,SPY
2024-05-01,313.05,313.99,312.74,313.36,313.36,109401199,SPY
2024-05-02,306.81,307.73,306.51,307.12,307.12,132228802,SPY
2024-05-03,310.91,311.85,310.60,311.23,311.23,107276174,SPY
2024-05-04,302.13,303.04,301.83,302.44,302.44,123534128,SPY
2024-05-05,299.86,300.76,299.56,300.16,300.16,113709724,SPY
2024-05-06,300.98,301.89,300.68,301.28,301.28,110407340,SPY
2024-05-07,301.03,301.93,300.72,301.33,301.33,135585469,SPY
2024-05-08,304.66,305.58,304.36,304.97,304.97,87220099,SPY
2024-05-09,305.46,306.38,305.15,305.76,305.76,134120751,SPY
2024-05-10,300.17,301.07,299.87,300.47,300.47,82111036,SPY
2024-05-11,300.13,301.03,299.83,300.43,300.43,88349783,SPY
2024-05-12,302.16,303.06,301.85,302.46,302.46,81473195,SPY
2024-05-13,301.86,302.76,301.56,302.16,302.16,122498004,SPY
2024-05-14,306.04,306.96,305.73,306.34,306.34,60814950,SPY
2024-05-15,308.43,309.36,308.12,308.74,308.74,143140367,SPY
2024-05-16,311.24,312.17,310.93,311.55,311.55,70509175,SPY
2024-05-17,311.03,311.96,310.72,311.34,311.34,104707061,SPY
2024-05-18,309.64,310.57,309.33,309.95,309.95,94410148,SPY
2024-05-19,305.24,306.16,304.94,305.55,305.55,77760841,SPY
2024-05-20,304.23,305.15,303.93,304.54,304.54,106390708,SPY
2024-05-21,298.47,299.36,298.17,298.77,298.77,143351515,SPY
2024-05-22,303.62,304.53,303.31,303.92,303.92,52621534,SPY
2024-05-23,308.68,309.61,308.37,308.99,308.99,101053877,SPY
2024-05-24,302.75,303.66,302.44,303.05,303.05,114019136,SPY
2024-05-25,307.22,308.14,306.91,307.52,307.52,102343121,SPY
2024-05-26,307.62,308.54,307.31,307.93,307.93,106240084,SPY
2024-05-27,300.57,301.47,300.26,300.87,300.87,130967191,SPY
2024-05-28,299.06,299.96,298.76,299.36,299.36,79600202,SPY
2024-05-29,295.73,296.61,295.43,296.02,296.02,115181765,SPY
2024-05-30,296.23,297.11,295.93,296.52,296.52,53895645,SPY
2024-05-31,291.40,292.28,291.11,291.69,291.69,104266464,SPY
2024-06-01,295.81,296.70,295.52,296.11,296.11,147197979,SPY
2024-06-02,298.58,299.48,298.29,298.88,298.88,67129912,SPY
2024-06-03,303.15,304.06,302.85,303.45,303.45,133517915,SPY
2024-06-04,293.71,294.59,293.42,294.01,294.01,129442503,SPY
2024-06-05,291.90,292.78,291.61,292.20,292.20,125751409,SPY
2024-06-06,291.18,292.06,290.89,291.48,291.48,107527432,SPY
2024-06-07,289.85,290.72,289.56,290.14,290.14,68213276,SPY
2024-06-08,291.93,292.81,291.64,292.22,292.22,84917589,SPY
2024-06-09,290.11,290.98,289.82,290.40,290.40,100882459,SPY
2024-06-10,288.10,288.96,287.81,288.39,288.39,95298556,SPY
2024-06-11,292.54,293.42,292.25,292.83,292.83,100885459,SPY
2024-06-12,290.87,291.74,290.58,291.16,291.16,106581473,SPY
2024-06-13,301.65,302.56,301.35,301.96,301.96,83859311,SPY
2024-06-14,304.49,305.40,304.19,304.79,304.79,122399599,SPY
2024-06-15,300.30,301.20,300.00,300.60,300.60,56990811,SPY
2024-06-16,304.72,305.64,304.42,305.03,305.03,137260863,SPY
2024-06-17,304.96,305.88,304.66,305.27,305.27,59209801,SPY
2024-06-18,306.50,307.42,306.20,306.81,306.81,54164775,SPY
2024-06-19,300.20,301.10,299.90,300.50,300.50,83189803,SPY
2024-06-20,300.72,301.63,300.42,301.02,301.02,70452412,SPY
2024-06-21,301.83,302.74,301.53,302.14,302.14,82016960,SPY
2024-06-22,306.80,307.72,306.49,307.11,307.11,125694715,SPY
2024-06-23,311.93,312.86,311.61,312.24,312.24,79254705,SPY
2024-06-24,308.66,309.59,308.35,308.97,308.97,99512272,SPY
2024-06-25,309.69,310.62,309.38,310.00,310.00,72520277,SPY
2024-06-26,300.52,301.42,300.22,300.82,300.82,146416275,SPY
2024-06-27,293.59,294.48,293.30,293.89,293.89,65372341,SPY
2024-06-28,294.29,295.17,293.99,294.58,294.58,91746937,SPY
2024-06-29,291.92,292.80,291.63,292.21,292.21,64508768,SPY
2024-06-30,283.29,284.14,283.01,283.58,283.58,127282128,SPY
2024-07-01,278.88,279.72,278.60,279.16,279.16,140912013,SPY
2024-07-02,282.50,283.35,282.22,282.79,282.79,145967649,SPY
2024-07-03,280.49,281.33,280.20,280.77,280.77,76619372,SPY
2024-07-04,286.43,287.29,286.15,286.72,286.72,134187049,SPY
2024-07-05,289.69,290.56,289.40,289.98,289.98,82594692,SPY
2024-07-06,295.92,296.80,295.62,296.21,296.21,141839693,SPY
2024-07-07,300.72,301.62,300.41,301.02,301.02,130585882,SPY
2024-07-08,303.71,304.62,303.40,304.01,304.01,125958181,SPY
2024-07-09,296.31,297.20,296.02,296.61,296.61,55512205,SPY
2024-07-10,293.85,294.74,293.56,294.15,294.15,99737181,SPY
2024-07-11,297.91,298.80,297.61,298.21,298.21,59255216,SPY
2024-07-12,294.07,294.95,293.77,294.36,294.36,106379329,SPY
2024-07-13,294.15,295.03,293.86,294.45,294.45,115793759,SPY
2024-07-14,303.24,304.15,302.93,303.54,303.54,135306788,SPY
2024-07-15,310.61,311.54,310.29,310.92,310.92,111705170,SPY
2024-07-16,309.53,310.46,309.22,309.84,309.84,148488338,SPY
2024-07-17,304.99,305.91,304.69,305.30,305.30,120027662,SPY
2024-07-18,308.78,309.71,308.47,309.09,309.09,122232344,SPY
2024-07-19,308.24,309.16,307.93,308.55,308.55,114893936,SPY
2024-07-20,300.05,300.95,299.75,300.35,300.35,129520597,SPY
2024-07-21,302.13,303.04,301.83,302.44,302.44,86023439,SPY
2024-07-22,300.88,301.79,300.58,301.18,301.18,61631697,SPY
2024-07-23,304.17,305.08,303.86,304.47,304.47,87437115,SPY
2024-07-24,306.92,307.84,306.61,307.23,307.23,112372114,SPY
2024-07-25,304.84,305.75,304.53,305.14,305.14,126483924,SPY
2024-07-26,301.65,302.55,301.34,301.95,301.95,53852048,SPY
2024-07-27,299.07,299.96,298.77,299.36,299.36,116344695,SPY
2024-07-28,300.99,301.89,300.69,301.29,301.29,78470244,SPY
2024-07-29,298.93,299.82,298.63,299.23,299.23,97623800,SPY
2024-07-30,300.38,301.28,300.08,300.68,300.68,130014570,SPY
2024-07-31,296.69,297.58,296.39,296.99,296.99,144111289,SPY
2024-08-01,301.06,301.97,300.76,301.36,301.36,119340535,SPY
2024-08-02,297.37,298.26,297.07,297.67,297.67,75643159,SPY
2024-08-03,303.72,304.63,303.42,304.02,304.02,115575808,SPY
2024-08-04,307.69,308.61,307.38,308.00,308.00,124514489,SPY
2024-08-05,308.30,309.22,307.99,308.60,308.60,136691619,SPY
2024-08-06,301.47,302.37,301.17,301.77,301.77,145541870,SPY
2024-08-07,293.70,294.58,293.40,293.99,293.99,62489409,SPY
2024-08-08,294.38,295.27,294.09,294.68,294.68,89491631,SPY
2024-08-09,295.82,296.71,295.53,296.12,296.12,91098277,SPY
2024-08-10,302.76,303.67,302.45,303.06,303.06,139115205,SPY
2024-08-11,298.52,299.41,298.22,298.82,298.82,121259135,SPY
2024-08-12,296.27,297.16,295.97,296.57,296.57,96138336,SPY
2024-08-13,289.94,290.81,289.65,290.23,290.23,94398056,SPY
2024-08-14,293.42,294.30,293.13,293.72,293.72,97219209,SPY
2024-08-15,292.64,293.52,292.34,292.93,292.93,83742830,SPY
2024-08-16,289.53,290.40,289.24,289.82,289.82,80942292,SPY
2024-08-17,291.83,292.70,291.54,292.12,292.12,66046365,SPY
2024-08-18,294.03,294.91,293.74,294.32,294.32,149707808,SPY
2024-08-19,286.98,287.84,286.69,287.27,287.27,74850391,SPY
2024-08-20,285.58,286.44,285.29,285.86,285.86,75708194,SPY
2024-08-21,286.84,287.70,286.55,287.13,287.13,147252152,SPY
2024-08-22,291.91,292.79,291.62,292.20,292.20,129133014,SPY
2024-08-23,297.43,298.32,297.13,297.72,297.72,87983442,SPY
2024-08-24,296.87,297.76,296.57,297.16,297.16,63492385,SPY
2024-08-25,298.96,299.85,298.66,299.26,299.26,98436637,SPY
2024-08-26,295.93,296.82,295.64,296.23,296.23,74084236,SPY
2024-08-27,293.92,294.81,293.63,294.22,294.22,66989677,SPY
2024-08-28,300.71,301.61,300.41,301.01,301.01,86817443,SPY
2024-08-29,302.40,303.30,302.09,302.70,302.70,89209916,SPY
2024-08-30,303.07,303.98,302.76,303.37,303.37,143605777,SPY
2024-08-31,309.39,310.32,309.08,309.70,309.70,115884623,SPY
2024-09-01,307.36,308.29,307.06,307.67,307.67,63769080,SPY
2024-09-02,311.81,312.74,311.50,312.12,312.12,113001391,SPY
2024-09-03,307.67,308.60,307.37,307.98,307.98,114251933,SPY
2024-09-04,305.18,306.09,304.87,305.48,305.48,56895666,SPY
2024-09-05,306.49,307.41,306.18,306.80,306.80,83887075,SPY
2024-09-06,311.62,312.56,311.31,311.93,311.93,58770247,SPY
2024-09-07,309.94,310.87,309.63,310.25,310.25,103782042,SPY
2024-09-08,304.10,305.01,303.79,304.40,304.40,142133896,SPY
2024-09-09,304.65,305.57,304.35,304.96,304.96,57195288,SPY
2024-09-10,309.73,310.66,309.42,310.04,310.04,90780112,SPY
2024-09-11,316.89,317.84,316.57,317.21,317.21,61432787,SPY
2024-09-12,319.53,320.49,319.21,319.85,319.85,105857931,SPY
2024-09-13,319.69,320.65,319.37,320.01,320.01,131378577,SPY
2024-09-14,314.47,315.41,314.15,314.78,314.78,120138498,SPY
2024-09-15,311.00,311.94,310.69,311.31,311.31,101053474,SPY
2024-09-16,306.45,307.37,306.14,306.76,306.76,128990506,SPY
2024-09-17,308.21,309.14,307.91,308.52,308.52,107556566,SPY
2024-09-18,306.26,307.18,305.96,306.57,306.57,131823275,SPY
2024-09-19,312.53,313.46,312.21,312.84,312.84,149333105,SPY
2024-09-20,319.23,320.19,318.91,319.55,319.55,133955206,SPY
2024-09-21,324.23,325.20,323.90,324.55,324.55,78323322,SPY
2024-09-22,324.30,325.28,323.98,324.63,324.63,82194159,SPY
2024-09-23,326.56,327.54,326.23,326.88,326.88,73328859,SPY
2024-09-24,324.11,325.09,323.79,324.44,324.44,104830300,SPY
2024-09-25,323.46,324.43,323.14,323.78,323.78,110465583,SPY
2024-09-26,321.69,322.65,321.37,322.01,322.01,54380847,SPY
2024-09-27,316.90,317.85,316.58,317.21,317.21,81068214,SPY
2024-09-28,316.23,317.18,315.92,316.55,316.55,110939053,SPY
2024-09-29,320.24,321.20,319.92,320.56,320.56,59553585,SPY
2024-09-30,316.32,317.27,316.00,316.63,316.63,133893865,SPY
2024-10-01,306.62,307.55,306.32,306.93,306.93,129160218,SPY
2024-10-02,301.20,302.10,300.90,301.50,301.50,107061186,SPY
2024-10-03,292.51,293.39,292.22,292.80,292.80,65405014,SPY
2024-10-04,286.65,287.51,286.37,286.94,286.94,85652586,SPY
2024-10-05,285.17,286.02,284.88,285.45,285.45,69090631,SPY
2024-10-06,287.72,288.58,287.43,288.00,288.00,91286958,SPY
2024-10-07,289.07,289.94,288.78,289.36,289.36,129865458,SPY
2024-10-08,289.27,290.14,288.98,289.56,289.56,88736657,SPY
2024-10-09,283.87,284.72,283.58,284.15,284.15,108942178,SPY
2024-10-10,288.71,289.58,288.43,289.00,289.00,143916665,SPY
2024-10-11,293.60,294.49,293.31,293.90,293.90,104023778,SPY
2024-10-12,298.70,299.59,298.40,298.99,298.99,116276072,SPY
2024-10-13,297.07,297.97,296.78,297.37,297.37,108755000,SPY
2024-10-14,298.42,299.32,298.12,298.72,298.72,107985905,SPY
2024-10-15,299.28,300.18,298.98,299.58,299.58,148587474,SPY
2024-10-16,298.02,298.92,297.73,298.32,298.32,62257687,SPY
2024-10-17,301.31,302.22,301.01,301.61,301.61,80725714,SPY
2024-10-18,309.90,310.83,309.59,310.21,310.21,127201917,SPY
2024-10-19,308.05,308.98,307.75,308.36,308.36,128802305,SPY
2024-10-20,325.64,326.62,325.31,325.96,325.96,140232106,SPY
2024-10-21,320.04,321.01,319.72,320.36,320.36,86173157,SPY
2024-10-22,313.07,314.01,312.76,313.38,313.38,73513701,SPY
2024-10-23,309.65,310.58,309.34,309.96,309.96,113149551,SPY
2024-10-24,304.91,305.83,304.61,305.22,305.22,87333543,SPY
2024-10-25,304.57,305.48,304.26,304.87,304.87,74359060,SPY
2024-10-26,309.70,310.63,309.39,310.01,310.01,115998319,SPY
2024-10-27,309.85,310.78,309.54,310.16,310.16,62246348,SPY
2024-10-28,305.42,306.34,305.12,305.73,305.73,93091709,SPY
2024-10-29,306.55,307.47,306.24,306.85,306.85,139943797,SPY
2024-10-30,308.95,309.87,308.64,309.26,309.26,105250068,SPY
2024-10-31,310.87,311.80,310.56,311.18,311.18,143103304,SPY
2024-11-01,304.25,305.16,303.94,304.55,304.55,103747791,SPY
2024-11-02,304.68,305.60,304.38,304.99,304.99,123832717,SPY
2024-11-03,306.84,307.76,306.53,307.14,307.14,83876400,SPY
2024-11-04,307.53,308.46,307.23,307.84,307.84,93389073,SPY
2024-11-05,313.70,314.65,313.39,314.02,314.02,119067939,SPY
2024-11-06,319.35,320.30,319.03,319.67,319.67,50154493,SPY
2024-11-07,316.32,317.27,316.00,316.63,316.63,105465150,SPY
2024-11-08,311.61,312.54,311.29,311.92,311.92,57275149,SPY
2024-11-09,313.55,314.49,313.23,313.86,313.86,116906611,SPY
2024-11-10,317.92,318.87,317.60,318.24,318.24,133940940,SPY
2024-11-11,316.72,317.67,316.40,317.04,317.04,85843681,SPY
2024-11-12,317.53,318.48,317.21,317.84,317.84,123715012,SPY
2024-11-13,320.45,321.41,320.13,320.77,320.77,143717532,SPY
2024-11-14,323.61,324.58,323.29,323.94,323.94,115056916,SPY
2024-11-15,333.31,334.31,332.97,333.64,333.64,131721371,SPY
2024-11-16,342.87,343.90,342.52,343.21,343.21,82117961,SPY
2024-11-17,342.03,343.06,341.69,342.37,342.37,51835355,SPY
2024-11-18,338.02,339.04,337.68,338.36,338.36,124121929,SPY
2024-11-19,335.26,336.27,334.93,335.60,335.60,65228493,SPY
2024-11-20,337.49,338.50,337.15,337.83,337.83,111934487,SPY
2024-11-21,344.67,345.71,344.33,345.02,345.02,70665654,SPY
2024-11-22,342.51,343.54,342.17,342.85,342.85,116890827,SPY
2024-11-23,346.67,347.72,346.33,347.02,347.02,144678746,SPY
2024-11-24,345.18,346.21,344.83,345.52,345.52,86698468,SPY
2024-11-25,340.33,341.35,339.99,340.67,340.67,113380266,SPY
2024-11-26,343.57,344.60,343.22,343.91,343.91,82713008,SPY
2024-11-27,341.07,342.09,340.73,341.41,341.41,75583290,SPY
2024-11-28,342.11,343.14,341.77,342.45,342.45,130447099,SPY
2024-11-29,331.84,332.84,331.51,332.17,332.17,59369750,SPY
2024-11-30,331.58,332.57,331.25,331.91,331.91,87077298,SPY
2024-12-01,333.23,334.23,332.90,333.56,333.56,95617282,SPY
2024-12-02,323.78,324.76,323.46,324.11,324.11,118147397,SPY
2024-12-03,324.00,324.98,323.68,324.33,324.33,147448913,SPY
2024-12-04,324.61,325.59,324.29,324.94,324.94,90071487,SPY
2024-12-05,328.22,329.21,327.89,328.55,328.55,138575748,SPY
2024-12-06,322.95,323.92,322.63,323.28,323.28,115718414,SPY
2024-12-07,326.70,327.68,326.38,327.03,327.03,115007200,SPY
2024-12-08,322.97,323.94,322.65,323.29,323.29,96321751,SPY
2024-12-09,319.16,320.12,318.84,319.48,319.48,100628276,SPY
2024-12-10,326.47,327.45,326.15,326.80,326.80,111115319,SPY
2024-12-11,335.75,336.76,335.42,336.09,336.09,143616654,SPY
2024-12-12,331.86,332.85,331.53,332.19,332.19,82051937,SPY
2024-12-13,328.86,329.84,328.53,329.18,329.18,105133300,SPY
2024-12-14,327.55,328.53,327.22,327.88,327.88,55858241,SPY
2024-12-15,325.50,326.48,325.18,325.83,325.83,101167978,SPY
2024-12-16,330.79,331.78,330.46,331.12,331.12,101818612,SPY
2024-12-17,339.83,340.85,339.49,340.17,340.17,137512508,SPY
2024-12-18,339.44,340.46,339.10,339.78,339.78,70415230,SPY
2024-12-19,338.32,339.33,337.98,338.66,338.66,117416376,SPY
2024-12-20,338.63,339.65,338.29,338.97,338.97,129212676,SPY
2024-12-21,337.75,338.76,337.41,338.09,338.09,109096899,SPY
2024-12-22,340.05,341.07,339.71,340.39,340.39,63383077,SPY
2024-12-23,334.76,335.76,334.42,335.09,335.09,146964769,SPY
2024-12-24,334.12,335.13,333.79,334.46,334.46,69348212,SPY
2024-12-25,328.22,329.21,327.89,328.55,328.55,70718012,SPY
2024-12-26,332.33,333.33,332.00,332.66,332.66,60043277,SPY
2024-12-27,319.69,320.65,319.37,320.01,320.01,95440919,SPY
2024-12-28,322.35,323.32,322.03,322.67,322.67,133652460,SPY
2024-12-29,320.14,321.10,319.82,320.46,320.46,94099326,SPY
2024-12-30,313.89,314.83,313.57,314.20,314.20,140510730,SPY
2024-12-31,317.06,318.01,316.74,317.38,317.38,92501540,SPY
2025-01-01,313.72,314.66,313.40,314.03,314.03,134127561,SPY
2025-01-02,312.42,313.35,312.10,312.73,312.73,122613940,SPY
2025-01-03,304.91,305.82,304.60,305.21,305.21,54818295,SPY
2025-01-04,302.68,303.59,302.37,302.98,302.98,141858555,SPY
2025-01-05,300.68,301.59,300.38,300.99,300.99,88571356,SPY
2025-01-06,308.40,309.33,308.09,308.71,308.71,108246664,SPY
2025-01-07,308.52,309.45,308.21,308.83,308.83,63212812,SPY
2025-01-08,309.24,310.17,308.93,309.55,309.55,63489853,SPY
2025-01-09,302.26,303.17,301.96,302.57,302.57,109549527,SPY
2025-01-10,304.43,305.34,304.12,304.73,304.73,53885234,SPY
2025-01-11,308.00,308.93,307.69,308.31,308.31,56172803,SPY
2025-01-12,307.54,308.46,307.23,307.85,307.85,98112135,SPY
2025-01-13,309.19,310.12,308.88,309.50,309.50,100310319,SPY
2025-01-14,306.29,307.21,305.98,306.59,306.59,105304649,SPY
2025-01-15,307.98,308.91,307.67,308.29,308.29,125957578,SPY
2025-01-16,307.02,307.94,306.71,307.33,307.33,73497411,SPY
2025-01-17,304.63,305.54,304.32,304.93,304.93,60598952,SPY
2025-01-18,301.40,302.31,301.10,301.70,301.70,141688771,SPY
2025-01-19,298.83,299.72,298.53,299.12,299.12,82323627,SPY
2025-01-20,293.14,294.02,292.84,293.43,293.43,81163805,SPY
2025-01-21,293.45,294.34,293.16,293.75,293.75,111894493,SPY
2025-01-22,290.53,291.40,290.24,290.82,290.82,139501846,SPY
2025-01-23,287.08,287.94,286.79,287.36,287.36,51261301,SPY
2025-01-24,291.18,292.06,290.89,291.48,291.48,88605268,SPY
2025-01-25,288.52,289.38,288.23,288.81,288.81,140947393,SPY
2025-01-26,287.12,287.99,286.84,287.41,287.41,96381032,SPY
2025-01-27,286.87,287.73,286.58,287.15,287.15,128862539,SPY
2025-01-28,283.75,284.60,283.47,284.04,284.04,142652311,SPY
2025-01-29,294.35,295.23,294.06,294.64,294.64,83567615,SPY
2025-01-30,290.98,291.85,290.69,291.27,291.27,101632653,SPY
2025-01-31,292.20,293.08,291.91,292.49,292.49,114855088,SPY
2025-02-01,295.80,296.69,295.51,296.10,296.10,98178682,SPY
2025-02-02,298.74,299.64,298.44,299.04,299.04,127149951,SPY
2025-02-03,297.00,297.90,296.71,297.30,297.30,52944682,SPY
2025-02-04,303.86,304.78,303.56,304.17,304.17,138346110,SPY
2025-02-05,303.64,304.56,303.34,303.95,303.95,142046449,SPY
2025-02-06,304.24,305.16,303.94,304.55,304.55,149947759,SPY
2025-02-07,314.38,315.32,314.06,314.69,314.69,116669607,SPY
2025-02-08,312.92,313.86,312.60,313.23,313.23,88412328,SPY
2025-02-09,313.71,314.66,313.40,314.03,314.03,97287718,SPY
2025-02-10,310.61,311.54,310.30,310.92,310.92,79394291,SPY
2025-02-11,306.61,307.53,306.31,306.92,306.92,140968005,SPY
2025-02-12,302.01,302.92,301.71,302.31,302.31,146761368,SPY
2025-02-13,303.00,303.91,302.70,303.31,303.31,68358198,SPY
2025-02-14,296.42,297.31,296.12,296.71,296.71,134322033,SPY
2025-02-15,301.77,302.68,301.47,302.08,302.08,55291208,SPY
2025-02-16,305.66,306.58,305.36,305.97,305.97,91464269,SPY
2025-02-17,306.19,307.11,305.89,306.50,306.50,98970845,SPY
2025-02-18,305.28,306.19,304.97,305.58,305.58,148295664,SPY
2025-02-19,312.33,313.27,312.02,312.64,312.64,93851498,SPY
2025-02-20,320.13,321.09,319.81,320.45,320.45,105767881,SPY
2025-02-21,321.54,322.50,321.21,321.86,321.86,122398083,SPY
2025-02-22,324.09,325.06,323.76,324.41,324.41,99104566,SPY
2025-02-23,313.79,314.73,313.48,314.11,314.11,72084778,SPY
2025-02-24,312.04,312.97,311.72,312.35,312.35,84489940,SPY
2025-02-25,321.93,322.90,321.61,322.25,322.25,89613214,SPY
2025-02-26,316.22,317.17,315.91,316.54,316.54,95461591,SPY
2025-02-27,318.26,319.21,317.94,318.58,318.58,60106509,SPY
2025-02-28,313.46,314.40,313.14,313.77,313.77,68892086,SPY
2025-03-01,313.79,314.74,313.48,314.11,314.11,140774633,SPY
2025-03-02,310.68,311.61,310.37,310.99,310.99,147202721,SPY
2025-03-03,308.78,309.71,308.47,309.09,309.09,124801233,SPY
2025-03-04,304.88,305.80,304.58,305.19,305.19,99093496,SPY
2025-03-05,308.99,309.92,308.68,309.30,309.30,85495029,SPY
2025-03-06,311.73,312.67,311.42,312.05,312.05,122017516,SPY
2025-03-07,315.18,316.13,314.87,315.50,315.50,140240054,SPY
2025-03-08,318.61,319.57,318.29,318.93,318.93,85186708,SPY
2025-03-09,311.21,312.14,310.90,311.52,311.52,99858348,SPY
2025-03-10,307.06,307.98,306.75,307.37,307.37,64541967,SPY
2025-03-11,304.94,305.85,304.63,305.24,305.24,133154172,SPY
2025-03-12,300.58,301.48,300.28,300.88,300.88,125350823,SPY
2025-03-13,297.91,298.80,297.61,298.21,298.21,136926431,SPY
2025-03-14,303.56,304.47,303.25,303.86,303.86,58484847,SPY
2025-03-15,300.45,301.35,300.15,300.75,300.75,144096984,SPY
2025-03-16,296.90,297.79,296.60,297.20,297.20,90559278,SPY
2025-03-17,295.83,296.72,295.53,296.12,296.12,56086345,SPY
2025-03-18,294.28,295.17,293.99,294.58,294.58,54994527,SPY
2025-03-19,292.79,293.67,292.50,293.09,293.09,63044889,SPY
2025-03-20,297.85,298.74,297.55,298.15,298.15,81514326,SPY
2025-03-21,299.92,300.82,299.62,300.22,300.22,110887034,SPY
2025-03-22,298.58,299.48,298.28,298.88,298.88,99796322,SPY
2025-03-23,295.28,296.17,294.98,295.58,295.58,122503409,SPY
2025-03-24,289.11,289.97,288.82,289.40,289.40,106254240,SPY
2025-03-25,283.38,284.23,283.10,283.66,283.66,105684858,SPY
2025-03-26,280.03,280.88,279.75,280.32,280.32,137902129,SPY
2025-03-27,284.22,285.07,283.93,284.50,284.50,104776386,SPY
2025-03-28,287.32,288.19,287.04,287.61,287.61,87546086,SPY
2025-03-29,291.61,292.49,291.32,291.91,291.91,109509870,SPY
2025-03-30,292.71,293.58,292.41,293.00,293.00,109686067,SPY
2025-03-31,301.16,302.07,300.86,301.46,301.46,63335151,SPY
2025-04-01,298.69,299.58,298.39,298.99,298.99,142030447,SPY
2025-04-02,292.44,293.32,292.15,292.73,292.73,136547189,SPY
2025-04-03,299.67,300.57,299.37,299.97,299.97,98140388,SPY
2025-04-04,303.26,304.17,302.96,303.56,303.56,66395999,SPY
2025-04-05,304.86,305.78,304.56,305.17,305.17,111031132,SPY
2025-04-06,307.75,308.68,307.44,308.06,308.06,135831286,SPY
2025-04-07,309.73,310.66,309.42,310.04,310.04,130147573,SPY
2025-04-08,311.45,312.39,311.14,311.77,311.77,94762841,SPY
2025-04-09,311.43,312.37,311.12,311.74,311.74,82691263,SPY
2025-04-10,319.88,320.84,319.56,320.20,320.20,77542226,SPY
2025-04-11,319.54,320.50,319.22,319.86,319.86,59208698,SPY
2025-04-12,322.72,323.69,322.40,323.05,323.05,128703005,SPY
2025-04-13,317.59,318.54,317.27,317.91,317.91,78984499,SPY
2025-04-14,319.18,320.14,318.86,319.50,319.50,69804386,SPY
2025-04-15,316.22,317.17,315.90,316.54,316.54,129991301,SPY
2025-04-16,325.85,326.83,325.52,326.17,326.17,69419691,SPY
2025-04-17,326.28,327.26,325.95,326.61,326.61,67447248,SPY
2025-04-18,318.06,319.02,317.74,318.38,318.38,64754064,SPY
2025-04-19,316.18,317.13,315.86,316.50,316.50,138725654,SPY
2025-04-20,318.12,319.07,317.80,318.44,318.44,98082464,SPY
2025-04-21,316.48,317.43,316.17,316.80,316.80,81934639,SPY
2025-04-22,316.02,316.97,315.70,316.34,316.34,85617024,SPY
2025-04-23,315.82,316.77,315.51,316.14,316.14,57032877,SPY
2025-04-24,319.54,320.50,319.22,319.86,319.86,65253751,SPY
2025-04-25,323.38,324.35,323.05,323.70,323.70,58530615,SPY
2025-04-26,315.31,316.26,315.00,315.63,315.63,118885632,SPY
2025-04-27,316.79,317.74,316.47,317.10,317.10,129680504,SPY
2025-04-28,321.40,322.36,321.07,321.72,321.72,132558242,SPY
2025-04-29,325.26,326.24,324.94,325.59,325.59,55820356,SPY
2025-04-30,324.00,324.98,323.68,324.33,324.33,138436473,SPY
2025-05-01,313.74,314.68,313.42,314.05,314.05,119987997,SPY
2025-05-02,311.83,312.77,311.52,312.15,312.15,54180968,SPY
2025-05-03,318.45,319.41,318.13,318.77,318.77,58163847,SPY
2025-05-04,327.96,328.95,327.64,328.29,328.29,107213476,SPY
2025-05-05,328.14,329.13,327.81,328.47,328.47,142086447,SPY
2025-05-06,334.45,335.46,334.12,334.79,334.79,109533928,SPY
2025-05-07,339.69,340.71,339.35,340.03,340.03,59863756,SPY
2025-05-08,343.59,344.62,343.24,343.93,343.93,69909029,SPY
2025-05-09,341.17,342.20,340.83,341.51,341.51,58815720,SPY
2025-05-10,346.47,347.51,346.12,346.82,346.82,128566318,SPY
2025-05-11,351.93,352.99,351.58,352.28,352.28,123599154,SPY
2025-05-12,350.99,352.05,350.64,351.34,351.34,130180577,SPY
2025-05-13,346.26,347.30,345.92,346.61,346.61,121210133,SPY
2025-05-14,344.82,345.86,344.48,345.17,345.17,107740376,SPY
2025-05-15,351.00,352.05,350.64,351.35,351.35,63311507,SPY
2025-05-16,351.97,353.03,351.62,352.32,352.32,137874085,SPY
2025-05-17,349.75,350.80,349.39,350.10,350.10,137364555,SPY
2025-05-18,354.80,355.87,354.45,355.16,355.16,78859907,SPY
2025-05-19,350.40,351.45,350.05,350.75,350.75,107723010,SPY
2025-05-20,347.07,348.11,346.72,347.42,347.42,95490631,SPY
2025-05-21,348.47,349.52,348.12,348.82,348.82,110867592,SPY
2025-05-22,341.95,342.98,341.61,342.29,342.29,91949529,SPY
2025-05-23,347.15,348.20,346.81,347.50,347.50,107279295,SPY
2025-05-24,345.90,346.94,345.56,346.25,346.25,70486849,SPY
2025-05-25,349.86,350.91,349.51,350.21,350.21,142183558,SPY
2025-05-26,351.87,352.92,351.52,352.22,352.22,61457410,SPY
2025-05-27,351.23,352.29,350.88,351.59,351.59,62513132,SPY
2025-05-28,343.60,344.63,343.25,343.94,343.94,100015814,SPY
2025-05-29,347.41,348.45,347.06,347.75,347.75,67463800,SPY
2025-05-30,341.19,342.21,340.85,341.53,341.53,125374852,SPY
2025-05-31,339.10,340.12,338.76,339.44,339.44,125387867,SPY
2025-06-01,338.13,339.14,337.79,338.47,338.47,97459130,SPY
2025-06-02,340.67,341.69,340.33,341.01,341.01,139300492,SPY
2025-06-03,345.94,346.98,345.59,346.28,346.28,146779126,SPY
2025-06-04,344.25,345.28,343.90,344.59,344.59,56904975,SPY
2025-06-05,351.38,352.44,351.03,351.73,351.73,97197152,SPY
2025-06-06,350.25,351.30,349.90,350.60,350.60,63905032,SPY
2025-06-07,347.33,348.37,346.98,347.67,347.67,138145654,SPY
2025-06-08,345.91,346.95,345.56,346.26,346.26,114718365,SPY
2025-06-09,346.59,347.63,346.24,346.93,346.93,124660688,SPY
2025-06-10,349.32,350.37,348.97,349.67,349.67,99333209,SPY
2025-06-11,352.78,353.84,352.42,353.13,353.13,80354559,SPY
2025-06-12,355.88,356.95,355.53,356.24,356.24,107594492,SPY
2025-06-13,364.31,365.41,363.95,364.68,364.68,133446356,SPY
2025-06-14,352.36,353.42,352.01,352.72,352.72,132352411,SPY
2025-06-15,349.58,350.63,349.23,349.93,349.93,131737913,SPY
2025-06-16,343.90,344.94,343.56,344.25,344.25,138292612,SPY
2025-06-17,346.13,347.17,345.78,346.47,346.47,74215035,SPY
2025-06-18,342.81,343.84,342.47,343.15,343.15,86677730,SPY
2025-06-19,341.79,342.82,341.45,342.13,342.13,95610493,SPY
2025-06-20,337.85,338.86,337.51,338.19,338.19,97113566,SPY
2025-06-21,348.34,349.39,348.00,348.69,348.69,126010330,SPY
2025-06-22,349.03,350.08,348.68,349.38,349.38,138227303,SPY
2025-06-23,346.96,348.00,346.61,347.30,347.30,134982908,SPY
2025-06-24,348.91,349.96,348.56,349.26,349.26,54114726,SPY
2025-06-25,354.59,355.65,354.23,354.94,354.94,100491958,SPY
2025-06-26,358.44,359.51,358.08,358.80,358.80,106348963,SPY
2025-06-27,355.71,356.78,355.35,356.07,356.07,91827259,SPY
2025-06-28,356.89,357.96,356.53,357.25,357.25,146850971,SPY
2025-06-29,351.43,352.49,351.08,351.78,351.78,130023800,SPY
2025-06-30,362.92,364.01,362.56,363.29,363.29,61402740,SPY
2025-07-01,365.57,366.66,365.20,365.93,365.93,132924837,SPY
2025-07-02,363.73,364.82,363.36,364.09,364.09,56679008,SPY
2025-07-03,362.02,363.10,361.65,362.38,362.38,138843907,SPY
2025-07-04,358.46,359.54,358.10,358.82,358.82,106910299,SPY
2025-07-05,352.97,354.03,352.61,353.32,353.32,86663833,SPY
2025-07-06,353.76,354.82,353.41,354.12,354.12,78933176,SPY
2025-07-07,354.13,355.19,353.77,354.48,354.48,107702031,SPY
2025-07-08,351.80,352.86,351.45,352.15,352.15,64883373,SPY
2025-07-09,350.43,351.48,350.08,350.78,350.78,115314742,SPY
2025-07-10,358.46,359.54,358.10,358.82,358.82,120723898,SPY
2025-07-11,357.93,359.01,357.57,358.29,358.29,103051354,SPY
2025-07-12,356.80,357.87,356.44,357.15,357.15,130440034,SPY
2025-07-13,360.49,361.57,360.13,360.85,360.85,78351344,SPY
2025-07-14,362.01,363.10,361.65,362.37,362.37,68419343,SPY
2025-07-15,362.70,363.79,362.34,363.06,363.06,66104026,SPY
2025-07-16,358.51,359.59,358.15,358.87,358.87,51037490,SPY
2025-07-17,353.09,354.15,352.74,353.44,353.44,67339011,SPY
2025-07-18,353.47,354.53,353.11,353.82,353.82,101030579,SPY
2025-07-19,349.99,351.04,349.64,350.34,350.34,124990607,SPY
2025-07-20,349.50,350.55,349.15,349.85,349.85,139663907,SPY
2025-07-21,350.48,351.54,350.13,350.83,350.83,149595101,SPY
2025-07-22,348.86,349.90,348.51,349.20,349.20,55677713,SPY
2025-07-23,343.79,344.82,343.44,344.13,344.13,60450542,SPY
2025-07-24,346.29,347.33,345.95,346.64,346.64,92018286,SPY
2025-07-25,340.55,341.57,340.20,340.89,340.89,145227338,SPY
2025-07-26,337.76,338.78,337.42,338.10,338.10,135918360,SPY
2025-07-27,335.85,336.86,335.52,336.19,336.19,52799319,SPY
2025-07-28,337.35,338.37,337.02,337.69,337.69,93589647,SPY
2025-07-29,343.42,344.45,343.07,343.76,343.76,111753160,SPY
2025-07-30,354.73,355.79,354.37,355.08,355.08,142557892,SPY
2025-07-31,357.01,358.08,356.65,357.37,357.37,64208709,SPY
2025-08-01,356.19,357.26,355.83,356.54,356.54,82657384,SPY
2025-08-02,351.50,352.56,351.15,351.85,351.85,60555833,SPY
2025-08-03,353.88,354.94,353.53,354.23,354.23,103118906,SPY
2025-08-04,360.20,361.28,359.84,360.56,360.56,79738898,SPY
2025-08-05,353.99,355.05,353.63,354.34,354.34,94703713,SPY
2023-08-07,180.01,180.55,179.83,180.19,180.19,6913049,GLD
2023-08-08,179.20,179.74,179.02,179.38,179.38,13902071,GLD
2023-08-09,174.57,175.10,174.40,174.75,174.75,10861544,GLD
2023-08-10,174.32,174.84,174.15,174.50,174.50,10890476,GLD
2023-08-11,173.81,174.33,173.63,173.98,173.98,7477824,GLD
2023-08-12,170.03,170.54,169.86,170.20,170.20,8963933,GLD
2023-08-13,171.31,171.83,171.14,171.48,171.48,7910830,GLD
2023-08-14,172.30,172.82,172.13,172.47,172.47,7564729,GLD
2023-08-15,172.53,173.05,172.35,172.70,172.70,7972018,GLD
2023-08-16,169.55,170.05,169.38,169.71,169.71,13289908,GLD
2023-08-17,167.03,167.53,166.86,167.19,167.19,14721861,GLD
2023-08-18,167.64,168.14,167.47,167.81,167.81,12531380,GLD
2023-08-19,165.93,166.43,165.76,166.09,166.09,10422534,GLD
2023-08-20,162.22,162.71,162.06,162.39,162.39,10303930,GLD
2023-08-21,162.68,163.17,162.52,162.85,162.85,12419020,GLD
2023-08-22,163.31,163.80,163.15,163.48,163.48,10080483,GLD
2023-08-23,164.10,164.59,163.93,164.26,164.26,10904610,GLD
2023-08-24,161.61,162.09,161.44,161.77,161.77,13511700,GLD
2023-08-25,163.57,164.06,163.40,163.73,163.73,5630944,GLD
2023-08-26,164.58,165.08,164.42,164.75,164.75,5954456,GLD
2023-08-27,163.51,164.00,163.35,163.68,163.68,6514923,GLD
2023-08-28,164.73,165.22,164.56,164.89,164.89,14967005,GLD
2023-08-29,162.56,163.05,162.40,162.72,162.72,14299885,GLD
2023-08-30,162.50,162.99,162.33,162.66,162.66,5688246,GLD
2023-08-31,159.15,159.63,158.99,159.31,159.31,8158134,GLD
2023-09-01,160.27,160.75,160.11,160.43,160.43,10394323,GLD
2023-09-02,158.50,158.98,158.35,158.66,158.66,6038068,GLD
2023-09-03,157.16,157.63,157.00,157.32,157.32,12558523,GLD
2023-09-04,160.41,160.89,160.25,160.57,160.57,10761929,GLD
2023-09-05,162.94,163.43,162.77,163.10,163.10,6414808,GLD
2023-09-06,161.77,162.25,161.60,161.93,161.93,9156449,GLD
2023-09-07,161.76,162.25,161.60,161.93,161.93,12344365,GLD
2023-09-08,164.16,164.65,163.99,164.32,164.32,7663319,GLD
2023-09-09,164.05,164.55,163.89,164.22,164.22,11105194,GLD
2023-09-10,162.97,163.46,162.80,163.13,163.13,11858012,GLD
2023-09-11,164.14,164.64,163.98,164.31,164.31,10676858,GLD
2023-09-12,163.90,164.39,163.73,164.06,164.06,10614484,GLD
2023-09-13,163.35,163.84,163.18,163.51,163.51,6105817,GLD
2023-09-14,162.18,162.67,162.02,162.34,162.34,11485471,GLD
2023-09-15,164.39,164.89,164.23,164.56,164.56,9767195,GLD
2023-09-16,164.38,164.87,164.21,164.54,164.54,7522845,GLD
2023-09-17,168.26,168.77,168.09,168.43,168.43,10592886,GLD
2023-09-18,170.89,171.41,170.72,171.07,171.07,10869018,GLD
2023-09-19,172.41,172.93,172.24,172.58,172.58,10204824,GLD
2023-09-20,175.58,176.11,175.41,175.76,175.76,11575963,GLD
2023-09-21,174.96,175.49,174.79,175.14,175.14,7163449,GLD
2023-09-22,170.90,171.42,170.73,171.07,171.07,10193922,GLD
2023-09-23,168.22,168.72,168.05,168.39,168.39,14377156,GLD
2023-09-24,165.70,166.19,165.53,165.86,165.86,7144023,GLD
2023-09-25,168.19,168.70,168.02,168.36,168.36,13831414,GLD
2023-09-26,170.73,171.24,170.56,170.90,170.90,13531021,GLD
2023-09-27,172.46,172.97,172.28,172.63,172.63,11070468,GLD
2023-09-28,174.26,174.78,174.08,174.43,174.43,8593556,GLD
2023-09-29,174.50,175.02,174.32,174.67,174.67,10733317,GLD
2023-09-30,176.82,177.35,176.64,177.00,177.00,8800761,GLD
2023-10-01,176.06,176.59,175.89,176.24,176.24,7307963,GLD
2023-10-02,177.09,177.63,176.92,177.27,177.27,6696860,GLD
2023-10-03,178.60,179.14,178.42,178.78,178.78,13517619,GLD
2023-10-04,179.17,179.71,178.99,179.35,179.35,13833734,GLD
2023-10-05,175.16,175.68,174.98,175.33,175.33,5633297,GLD
2023-10-06,172.93,173.45,172.76,173.11,173.11,7198638,GLD
2023-10-07,169.36,169.87,169.19,169.53,169.53,11320310,GLD
2023-10-08,170.12,170.63,169.95,170.29,170.29,7777286,GLD
2023-10-09,171.22,171.73,171.04,171.39,171.39,12342941,GLD
2023-10-10,173.13,173.65,172.96,173.31,173.31,8985095,GLD
2023-10-11,173.70,174.23,173.53,173.88,173.88,12452417,GLD
2023-10-12,171.06,171.58,170.89,171.23,171.23,12531761,GLD
2023-10-13,168.90,169.41,168.73,169.07,169.07,8925917,GLD
2023-10-14,167.23,167.73,167.06,167.40,167.40,12868776,GLD
2023-10-15,166.90,167.40,166.73,167.06,167.06,8255051,GLD
2023-10-16,163.65,164.15,163.49,163.82,163.82,12391997,GLD
2023-10-17,167.20,167.70,167.04,167.37,167.37,12745704,GLD
2023-10-18,167.66,168.16,167.49,167.83,167.83,13437374,GLD
2023-10-19,164.23,164.72,164.06,164.39,164.39,13849306,GLD
2023-10-20,163.24,163.73,163.08,163.40,163.40,8350371,GLD
2023-10-21,163.84,164.33,163.68,164.01,164.01,7321942,GLD
2023-10-22,164.32,164.82,164.16,164.49,164.49,13062973,GLD
2023-10-23,163.89,164.39,163.73,164.06,164.06,11227905,GLD
2023-10-24,163.07,163.56,162.90,163.23,163.23,13655523,GLD
2023-10-25,162.79,163.28,162.63,162.96,162.96,7091745,GLD
2023-10-26,162.10,162.59,161.94,162.26,162.26,9576678,GLD
2023-10-27,165.35,165.85,165.19,165.52,165.52,12538325,GLD
2023-10-28,166.31,166.81,166.15,166.48,166.48,12339571,GLD
2023-10-29,165.72,166.21,165.55,165.88,165.88,6538698,GLD
2023-10-30,167.08,167.58,166.91,167.25,167.25,12568671,GLD
2023-10-31,166.64,167.14,166.48,166.81,166.81,10865064,GLD
2023-11-01,168.55,169.06,168.38,168.72,168.72,11651393,GLD
2023-11-02,167.70,168.20,167.53,167.87,167.87,13422281,GLD
2023-11-03,166.34,166.84,166.17,166.50,166.50,6369112,GLD
2023-11-04,167.77,168.28,167.61,167.94,167.94,11289990,GLD
2023-11-05,168.09,168.59,167.92,168.26,168.26,6662338,GLD
2023-11-06,169.87,170.38,169.70,170.04,170.04,10625238,GLD
2023-11-07,170.19,170.70,170.02,170.36,170.36,9813037,GLD
2023-11-08,169.15,169.65,168.98,169.32,169.32,12926478,GLD
2023-11-09,168.81,169.32,168.64,168.98,168.98,12870361,GLD
2023-11-10,167.80,168.30,167.63,167.97,167.97,12526283,GLD
2023-11-11,164.56,165.05,164.39,164.72,164.72,5318832,GLD
2023-11-12,161.74,162.23,161.58,161.91,161.91,9293691,GLD
2023-11-13,162.01,162.50,161.85,162.18,162.18,13854536,GLD
2023-11-14,163.13,163.62,162.96,163.29,163.29,12101036,GLD
2023-11-15,164.39,164.89,164.23,164.56,164.56,10052478,GLD
2023-11-16,165.47,165.97,165.31,165.64,165.64,7044276,GLD
2023-11-17,167.49,167.99,167.32,167.65,167.65,12669093,GLD
2023-11-18,168.14,168.64,167.97,168.31,168.31,6053729,GLD
2023-11-19,171.53,172.05,171.36,171.70,171.70,13993490,GLD
2023-11-20,174.43,174.96,174.26,174.61,174.61,5275739,GLD
2023-11-21,172.62,173.14,172.44,172.79,172.79,7408819,GLD
2023-11-22,170.65,171.17,170.48,170.82,170.82,9886733,GLD
2023-11-23,168.13,168.64,167.97,168.30,168.30,9035998,GLD
2023-11-24,169.37,169.88,169.20,169.54,169.54,14574148,GLD
2023-11-25,166.80,167.30,166.63,166.97,166.97,6436363,GLD
2023-11-26,168.31,168.82,168.15,168.48,168.48,13782613,GLD
2023-11-27,169.09,169.60,168.93,169.26,169.26,13825812,GLD
2023-11-28,169.01,169.52,168.84,169.18,169.18,14128180,GLD
2023-11-29,163.00,163.49,162.83,163.16,163.16,14297127,GLD
2023-11-30,162.76,163.25,162.60,162.92,162.92,5341153,GLD
2023-12-01,161.09,161.58,160.93,161.26,161.26,11490791,GLD
2023-12-02,162.51,163.00,162.35,162.67,162.67,11262974,GLD
2023-12-03,162.53,163.02,162.37,162.70,162.70,6133461,GLD
2023-12-04,162.92,163.41,162.76,163.08,163.08,10784825,GLD
2023-12-05,163.11,163.60,162.95,163.28,163.28,6739191,GLD
2023-12-06,166.00,166.50,165.84,166.17,166.17,14762717,GLD
2023-12-07,165.87,166.37,165.70,166.04,166.04,5743829,GLD
2023-12-08,164.12,164.61,163.96,164.29,164.29,10910597,GLD
2023-12-09,160.69,161.18,160.53,160.86,160.86,7937508,GLD
2023-12-10,159.72,160.20,159.56,159.88,159.88,12795078,GLD
2023-12-11,161.92,162.41,161.76,162.08,162.08,8058117,GLD
2023-12-12,161.69,162.17,161.53,161.85,161.85,7262450,GLD
2023-12-13,164.82,165.31,164.65,164.98,164.98,12678589,GLD
2023-12-14,166.17,166.67,166.01,166.34,166.34,5620485,GLD
2023-12-15,166.04,166.54,165.88,166.21,166.21,8346548,GLD
2023-12-16,166.65,167.15,166.49,166.82,166.82,5703065,GLD
2023-12-17,166.00,166.49,165.83,166.16,166.16,11681090,GLD
2023-12-18,167.60,168.10,167.43,167.77,167.77,14110543,GLD
2023-12-19,167.09,167.59,166.93,167.26,167.26,8206183,GLD
2023-12-20,167.22,167.72,167.05,167.38,167.38,9800144,GLD
2023-12-21,165.07,165.57,164.91,165.24,165.24,10568772,GLD
2023-12-22,167.81,168.31,167.64,167.98,167.98,9583814,GLD
2023-12-23,169.21,169.72,169.04,169.38,169.38,11711251,GLD
2023-12-24,170.61,171.13,170.44,170.79,170.79,12377556,GLD
2023-12-25,172.25,172.76,172.07,172.42,172.42,8134272,GLD
2023-12-26,171.02,171.54,170.85,171.19,171.19,13324908,GLD
2023-12-27,170.36,170.87,170.19,170.53,170.53,13712003,GLD
2023-12-28,168.56,169.07,168.40,168.73,168.73,9474830,GLD
2023-12-29,169.63,170.14,169.46,169.80,169.80,6324175,GLD
2023-12-30,166.55,167.05,166.38,166.72,166.72,12224389,GLD
2023-12-31,163.61,164.10,163.45,163.77,163.77,14151541,GLD
2024-01-01,161.45,161.94,161.29,161.61,161.61,9928582,GLD
2024-01-02,161.14,161.63,160.98,161.30,161.30,9960015,GLD
2024-01-03,161.89,162.37,161.73,162.05,162.05,10142147,GLD
2024-01-04,159.01,159.48,158.85,159.17,159.17,7795835,GLD
2024-01-05,160.05,160.53,159.89,160.21,160.21,12447546,GLD
2024-01-06,159.75,160.23,159.59,159.91,159.91,10914963,GLD
2024-01-07,160.23,160.71,160.07,160.39,160.39,12297090,GLD
2024-01-08,159.44,159.91,159.28,159.60,159.60,5962308,GLD
2024-01-09,164.76,165.25,164.59,164.92,164.92,6258981,GLD
2024-01-10,163.83,164.32,163.67,163.99,163.99,13608154,GLD
2024-01-11,162.10,162.58,161.93,162.26,162.26,7684131,GLD
2024-01-12,163.16,163.65,163.00,163.33,163.33,12351320,GLD
2024-01-13,162.88,163.37,162.71,163.04,163.04,5583829,GLD
2024-01-14,163.92,164.41,163.75,164.08,164.08,11145971,GLD
2024-01-15,164.98,165.47,164.81,165.14,165.14,11075878,GLD
2024-01-16,163.11,163.60,162.95,163.27,163.27,7574265,GLD
2024-01-17,164.84,165.34,164.68,165.01,165.01,12548448,GLD
2024-01-18,166.69,167.19,166.52,166.85,166.85,6289923,GLD
2024-01-19,166.11,166.61,165.94,166.28,166.28,14628809,GLD
2024-01-20,167.38,167.88,167.21,167.55,167.55,10274512,GLD
2024-01-21,168.88,169.38,168.71,169.05,169.05,9675638,GLD
2024-01-22,168.91,169.42,168.74,169.08,169.08,8121368,GLD
2024-01-23,169.94,170.45,169.77,170.11,170.11,13372568,GLD
2024-01-24,165.49,165.99,165.32,165.66,165.66,6975701,GLD
2024-01-25,165.03,165.53,164.87,165.20,165.20,9391883,GLD
2024-01-26,165.55,166.05,165.38,165.72,165.72,8599894,GLD
2024-01-27,162.52,163.01,162.36,162.68,162.68,9791184,GLD
2024-01-28,160.11,160.59,159.95,160.27,160.27,8358435,GLD
2024-01-29,153.60,154.06,153.44,153.75,153.75,7057514,GLD
2024-01-30,154.10,154.57,153.95,154.26,154.26,7896693,GLD
2024-01-31,154.68,155.14,154.52,154.83,154.83,12467726,GLD
2024-02-01,158.10,158.57,157.94,158.25,158.25,10361793,GLD
2024-02-02,158.07,158.54,157.91,158.23,158.23,10828829,GLD
2024-02-03,157.50,157.97,157.34,157.65,157.65,9871470,GLD
2024-02-04,155.22,155.68,155.06,155.37,155.37,10032437,GLD
2024-02-05,156.99,157.47,156.84,157.15,157.15,7920762,GLD
2024-02-06,154.64,155.10,154.48,154.79,154.79,11064832,GLD
2024-02-07,153.73,154.19,153.57,153.88,153.88,8371891,GLD
2024-02-08,153.70,154.17,153.55,153.86,153.86,7329967,GLD
2024-02-09,153.91,154.38,153.76,154.07,154.07,11054838,GLD
2024-02-10,156.09,156.56,155.94,156.25,156.25,14294937,GLD
2024-02-11,154.24,154.70,154.08,154.39,154.39,14255099,GLD
2024-02-12,153.35,153.82,153.20,153.51,153.51,7177199,GLD
2024-02-13,152.79,153.25,152.64,152.94,152.94,10189037,GLD
2024-02-14,152.32,152.77,152.16,152.47,152.47,11680015,GLD
2024-02-15,155.26,155.72,155.10,155.41,155.41,13819709,GLD
2024-02-16,155.28,155.75,155.13,155.44,155.44,11891998,GLD
2024-02-17,155.73,156.20,155.57,155.89,155.89,6237331,GLD
2024-02-18,152.31,152.76,152.15,152.46,152.46,7102634,GLD
2024-02-19,154.92,155.38,154.76,155.07,155.07,12549319,GLD
2024-02-20,154.49,154.95,154.33,154.64,154.64,12815384,GLD
2024-02-21,153.80,154.26,153.64,153.95,153.95,14249336,GLD
2024-02-22,152.29,152.75,152.14,152.44,152.44,14861412,GLD
2024-02-23,154.29,154.76,154.14,154.45,154.45,12258130,GLD
2024-02-24,158.71,159.19,158.55,158.87,158.87,13436654,GLD
2024-02-25,159.29,159.77,159.13,159.45,159.45,7083077,GLD
2024-02-26,158.98,159.45,158.82,159.14,159.14,13692311,GLD
2024-02-27,159.66,160.14,159.50,159.82,159.82,10413349,GLD
2024-02-28,160.64,161.12,160.48,160.80,160.80,8782763,GLD
2024-02-29,158.07,158.54,157.91,158.23,158.23,9765539,GLD
2024-03-01,161.82,162.30,161.65,161.98,161.98,6323049,GLD
2024-03-02,161.84,162.32,161.68,162.00,162.00,14241585,GLD
2024-03-03,164.63,165.12,164.46,164.79,164.79,9604524,GLD
2024-03-04,165.84,166.34,165.68,166.01,166.01,13950276,GLD
2024-03-05,167.07,167.58,166.91,167.24,167.24,6567468,GLD
2024-03-06,165.89,166.39,165.72,166.06,166.06,14741631,GLD
2024-03-07,165.90,166.40,165.74,166.07,166.07,7586950,GLD
2024-03-08,167.26,167.76,167.09,167.43,167.43,10664316,GLD
2024-03-09,169.77,170.28,169.60,169.94,169.94,14455941,GLD
2024-03-10,173.73,174.25,173.56,173.91,173.91,6362693,GLD
2024-03-11,174.83,175.36,174.66,175.01,175.01,5762722,GLD
2024-03-12,178.28,178.82,178.10,178.46,178.46,9440189,GLD
2024-03-13,177.15,177.68,176.97,177.33,177.33,8536777,GLD
2024-03-14,177.42,177.95,177.24,177.60,177.60,5508113,GLD
2024-03-15,175.26,175.79,175.08,175.43,175.43,13355692,GLD
2024-03-16,177.32,177.85,177.14,177.50,177.50,10068298,GLD
2024-03-17,175.64,176.17,175.46,175.81,175.81,13102469,GLD
2024-03-18,175.80,176.32,175.62,175.97,175.97,11813102,GLD
2024-03-19,179.66,180.20,179.48,179.84,179.84,9990112,GLD
2024-03-20,176.54,177.07,176.36,176.72,176.72,7652149,GLD
2024-03-21,177.51,178.04,177.33,177.68,177.68,12375356,GLD
2024-03-22,175.49,176.02,175.31,175.66,175.66,10707484,GLD
2024-03-23,176.71,177.24,176.54,176.89,176.89,7410360,GLD
2024-03-24,175.46,175.98,175.28,175.63,175.63,10794356,GLD
2024-03-25,178.59,179.12,178.41,178.77,178.77,11689354,GLD
2024-03-26,180.03,180.57,179.85,180.21,180.21,14422943,GLD
2024-03-27,181.58,182.13,181.40,181.77,181.77,6781470,GLD
2024-03-28,180.59,181.14,180.41,180.77,180.77,9487430,GLD
2024-03-29,182.83,183.38,182.65,183.02,183.02,12542969,GLD
2024-03-30,182.88,183.43,182.70,183.07,183.07,9868949,GLD
2024-03-31,183.91,184.46,183.73,184.09,184.09,11444964,GLD
2024-04-01,185.46,186.01,185.27,185.64,185.64,7679315,GLD
2024-04-02,183.75,184.30,183.56,183.93,183.93,10493461,GLD
2024-04-03,187.01,187.57,186.82,187.19,187.19,8184887,GLD
2024-04-04,185.59,186.15,185.41,185.78,185.78,7673322,GLD
2024-04-05,182.95,183.50,182.77,183.14,183.14,13367799,GLD
2024-04-06,183.02,183.57,182.84,183.20,183.20,10176450,GLD
2024-04-07,182.10,182.65,181.92,182.28,182.28,11597509,GLD
2024-04-08,182.15,182.70,181.97,182.34,182.34,13479950,GLD
2024-04-09,180.63,181.17,180.45,180.81,180.81,14786890,GLD
2024-04-10,181.09,181.63,180.91,181.27,181.27,10920597,GLD
2024-04-11,182.81,183.36,182.63,182.99,182.99,12895137,GLD
2024-04-12,183.38,183.93,183.20,183.57,183.57,9794062,GLD
2024-04-13,179.27,179.81,179.09,179.45,179.45,12229768,GLD
2024-04-14,178.35,178.89,178.17,178.53,178.53,7247055,GLD
2024-04-15,180.94,181.48,180.76,181.12,181.12,11765480,GLD
2024-04-16,178.62,179.15,178.44,178.80,178.80,11139410,GLD
2024-04-17,179.32,179.86,179.14,179.50,179.50,14425722,GLD
2024-04-18,179.55,180.09,179.37,179.73,179.73,8265774,GLD
2024-04-19,178.43,178.97,178.25,178.61,178.61,11481857,GLD
2024-04-20,179.81,180.35,179.63,179.99,179.99,13460003,GLD
2024-04-21,177.25,177.79,177.08,177.43,177.43,6993318,GLD
2024-04-22,178.11,178.65,177.93,178.29,178.29,7158613,GLD
2024-04-23,180.26,180.80,180.08,180.44,180.44,10688907,GLD
2024-04-24,179.96,180.50,179.78,180.14,180.14,14358865,GLD
2024-04-25,183.35,183.91,183.17,183.54,183.54,8339637,GLD
2024-04-26,182.01,182.56,181.83,182.19,182.19,13541658,GLD
2024-04-27,181.54,182.08,181.36,181.72,181.72,5652868,GLD
2024-04-28,181.94,182.48,181.75,182.12,182.12,7299088,GLD
2024-04-29,181.08,181.62,180.90,181.26,181.26,13712957,GLD
2024-04-30,177.29,177.83,177.12,177.47,177.47,12666995,GLD
2024-05-01,180.00,180.54,179.82,180.18,180.18,7345135,GLD
2024-05-02,183.71,184.26,183.53,183.90,183.90,10502353,GLD
2024-05-03,185.50,186.06,185.32,185.69,185.69,11592683,GLD
2024-05-04,184.72,185.28,184.54,184.91,184.91,10020319,GLD
2024-05-05,182.57,183.12,182.39,182.75,182.75,13551583,GLD
2024-05-06,181.16,181.70,180.98,181.34,181.34,13931180,GLD
2024-05-07,178.40,178.94,178.22,178.58,178.58,12967375,GLD
2024-05-08,178.61,179.15,178.43,178.79,178.79,5279121,GLD
2024-05-09,176.48,177.01,176.30,176.65,176.65,11988386,GLD
2024-05-10,178.85,179.38,178.67,179.02,179.02,14792896,GLD
2024-05-11,177.25,177.79,177.08,177.43,177.43,5447065,GLD
2024-05-12,181.54,182.09,181.36,181.73,181.73,12962302,GLD
2024-05-13,181.27,181.82,181.09,181.45,181.45,14705188,GLD
2024-05-14,184.47,185.02,184.28,184.65,184.65,14691097,GLD
2024-05-15,184.61,185.16,184.42,184.79,184.79,13060593,GLD
2024-05-16,185.36,185.91,185.17,185.54,185.54,7860717,GLD
2024-05-17,181.88,182.43,181.70,182.06,182.06,11378535,GLD
2024-05-18,181.39,181.93,181.20,181.57,181.57,7479264,GLD
2024-05-19,182.13,182.67,181.95,182.31,182.31,14606135,GLD
2024-05-20,180.70,181.24,180.52,180.88,180.88,6843740,GLD
2024-05-21,181.59,182.13,181.40,181.77,181.77,12025967,GLD
2024-05-22,183.81,184.36,183.63,184.00,184.00,7540594,GLD
2024-05-23,182.58,183.12,182.39,182.76,182.76,13419134,GLD
2024-05-24,183.38,183.93,183.20,183.57,183.57,12912226,GLD
2024-05-25,185.92,186.48,185.74,186.11,186.11,6044906,GLD
2024-05-26,183.35,183.90,183.17,183.53,183.53,7316639,GLD
2024-05-27,180.58,181.13,180.40,180.76,180.76,13025733,GLD
2024-05-28,180.29,180.84,180.11,180.47,180.47,13816043,GLD
2024-05-29,176.45,176.98,176.28,176.63,176.63,12711874,GLD
2024-05-30,180.20,180.74,180.02,180.38,180.38,13944387,GLD
2024-05-31,179.12,179.66,178.94,179.30,179.30,9435261,GLD
2024-06-01,180.84,181.38,180.66,181.02,181.02,13123194,GLD
2024-06-02,181.46,182.00,181.28,181.64,181.64,14363140,GLD
2024-06-03,183.03,183.57,182.84,183.21,183.21,10007984,GLD
2024-06-04,183.99,184.54,183.81,184.17,184.17,9993143,GLD
2024-06-05,189.88,190.45,189.69,190.07,190.07,9848684,GLD
2024-06-06,188.95,189.51,188.76,189.14,189.14,13204110,GLD
2024-06-07,185.65,186.21,185.47,185.84,185.84,10319061,GLD
2024-06-08,182.85,183.40,182.67,183.04,183.04,9587856,GLD
2024-06-09,183.25,183.80,183.06,183.43,183.43,9828304,GLD
2024-06-10,185.67,186.22,185.48,185.85,185.85,11370211,GLD
2024-06-11,188.02,188.59,187.84,188.21,188.21,11619156,GLD
2024-06-12,190.40,190.97,190.21,190.59,190.59,7457461,GLD
2024-06-13,185.27,185.83,185.09,185.46,185.46,9872986,GLD
2024-06-14,190.66,191.23,190.47,190.85,190.85,6325893,GLD
2024-06-15,192.19,192.76,191.99,192.38,192.38,10811015,GLD
2024-06-16,195.22,195.80,195.02,195.41,195.41,13037616,GLD
2024-06-17,193.68,194.27,193.49,193.88,193.88,8590102,GLD
2024-06-18,194.58,195.16,194.39,194.77,194.77,14429097,GLD
2024-06-19,197.39,197.99,197.19,197.59,197.59,9557052,GLD
2024-06-20,199.56,200.16,199.36,199.76,199.76,14845382,GLD
2024-06-21,202.12,202.73,201.92,202.32,202.32,9014486,GLD
2024-06-22,202.33,202.94,202.13,202.53,202.53,13909397,GLD
2024-06-23,205.98,206.60,205.77,206.19,206.19,8786141,GLD
2024-06-24,205.50,206.11,205.29,205.70,205.70,11934046,GLD
2024-06-25,204.92,205.54,204.72,205.13,205.13,10541407,GLD
2024-06-26,204.73,205.35,204.53,204.94,204.94,7306314,GLD
2024-06-27,203.66,204.28,203.46,203.87,203.87,5086930,GLD
2024-06-28,210.29,210.92,210.08,210.50,210.50,7649811,GLD
2024-06-29,208.79,209.42,208.58,209.00,209.00,11826774,GLD
2024-06-30,205.87,206.49,205.66,206.08,206.08,12980915,GLD
2024-07-01,201.74,202.34,201.53,201.94,201.94,13010256,GLD
2024-07-02,199.40,200.00,199.20,199.60,199.60,9819172,GLD
2024-07-03,196.18,196.77,195.98,196.38,196.38,10388299,GLD
2024-07-04,196.04,196.63,195.84,196.23,196.23,6500901,GLD
2024-07-05,196.88,197.47,196.68,197.07,197.07,14632359,GLD
2024-07-06,197.35,197.94,197.15,197.55,197.55,5625760,GLD
2024-07-07,201.24,201.85,201.04,201.44,201.44,7937099,GLD
2024-07-08,197.28,197.87,197.08,197.48,197.48,5609681,GLD
2024-07-09,199.54,200.14,199.35,199.74,199.74,11660463,GLD
2024-07-10,199.95,200.55,199.75,200.15,200.15,9856449,GLD
2024-07-11,198.49,199.09,198.29,198.69,198.69,5628578,GLD
2024-07-12,201.61,202.22,201.41,201.81,201.81,6800206,GLD
2024-07-13,201.83,202.44,201.63,202.04,202.04,10621073,GLD
2024-07-14,200.31,200.91,200.11,200.51,200.51,14115069,GLD
2024-07-15,207.40,208.03,207.19,207.61,207.61,13796605,GLD
2024-07-16,201.57,202.17,201.37,201.77,201.77,13459284,GLD
2024-07-17,201.83,202.43,201.63,202.03,202.03,12852085,GLD
2024-07-18,201.24,201.84,201.04,201.44,201.44,10547958,GLD
2024-07-19,205.63,206.24,205.42,205.83,205.83,7726201,GLD
2024-07-20,205.25,205.86,205.04,205.45,205.45,8123902,GLD
2024-07-21,201.75,202.36,201.55,201.95,201.95,5236293,GLD
2024-07-22,201.43,202.04,201.23,201.63,201.63,14525788,GLD
2024-07-23,197.21,197.80,197.01,197.41,197.41,8240708,GLD
2024-07-24,199.35,199.95,199.15,199.55,199.55,11802999,GLD
2024-07-25,203.60,204.21,203.39,203.80,203.80,12175669,GLD
2024-07-26,202.60,203.21,202.40,202.81,202.81,6600296,GLD
2024-07-27,202.54,203.15,202.34,202.75,202.75,8100114,GLD
2024-07-28,205.33,205.95,205.13,205.54,205.54,9161539,GLD
2024-07-29,205.05,205.67,204.85,205.26,205.26,5114590,GLD
2024-07-30,204.97,205.59,204.77,205.18,205.18,9479421,GLD
2024-07-31,206.81,207.43,206.61,207.02,207.02,10530194,GLD
2024-08-01,205.58,206.20,205.37,205.78,205.78,5191859,GLD
2024-08-02,209.36,209.99,209.15,209.57,209.57,9388133,GLD
2024-08-03,207.21,207.83,207.00,207.42,207.42,6042273,GLD
2024-08-04,204.11,204.72,203.90,204.31,204.31,6983483,GLD
2024-08-05,202.74,203.35,202.54,202.94,202.94,13430894,GLD
2024-08-06,203.09,203.70,202.89,203.29,203.29,10217344,GLD
2024-08-07,201.86,202.46,201.65,202.06,202.06,9949909,GLD
2024-08-08,198.68,199.28,198.48,198.88,198.88,11166363,GLD
2024-08-09,197.46,198.05,197.26,197.66,197.66,7240912,GLD
2024-08-10,196.40,196.99,196.20,196.60,196.60,13022561,GLD
2024-08-11,198.67,199.27,198.48,198.87,198.87,11268384,GLD
2024-08-12,201.96,202.57,201.76,202.16,202.16,11976731,GLD
2024-08-13,200.41,201.01,200.21,200.61,200.61,14018050,GLD
2024-08-14,195.38,195.96,195.18,195.57,195.57,8664338,GLD
2024-08-15,195.68,196.27,195.48,195.88,195.88,14996107,GLD
2024-08-16,192.18,192.76,191.99,192.38,192.38,6373555,GLD
2024-08-17,189.43,190.00,189.24,189.62,189.62,11069742,GLD
2024-08-18,189.02,189.59,188.83,189.21,189.21,6310346,GLD
2024-08-19,190.02,190.59,189.83,190.21,190.21,14188029,GLD
2024-08-20,189.51,190.08,189.32,189.70,189.70,13480665,GLD
2024-08-21,190.38,190.95,190.19,190.57,190.57,7760475,GLD
2024-08-22,193.13,193.71,192.93,193.32,193.32,10504900,GLD
2024-08-23,194.69,195.28,194.50,194.89,194.89,8446065,GLD
2024-08-24,192.73,193.31,192.54,192.92,192.92,14783594,GLD
2024-08-25,187.83,188.40,187.64,188.02,188.02,12473959,GLD
2024-08-26,188.21,188.77,188.02,188.40,188.40,5933413,GLD
2024-08-27,185.65,186.21,185.46,185.84,185.84,12663806,GLD
2024-08-28,186.46,187.02,186.27,186.65,186.65,14460859,GLD
2024-08-29,188.83,189.39,188.64,189.02,189.02,10170227,GLD
2024-08-30,189.76,190.33,189.57,189.95,189.95,5365247,GLD
2024-08-31,186.47,187.03,186.28,186.66,186.66,8655777,GLD
2024-09-01,189.01,189.58,188.82,189.20,189.20,14702453,GLD
2024-09-02,191.19,191.76,190.99,191.38,191.38,6069713,GLD
2024-09-03,192.29,192.87,192.10,192.48,192.48,14079216,GLD
2024-09-04,197.71,198.31,197.52,197.91,197.91,6157949,GLD
2024-09-05,197.55,198.14,197.35,197.75,197.75,12920040,GLD
2024-09-06,199.97,200.57,199.77,200.17,200.17,7272119,GLD
2024-09-07,200.50,201.10,200.30,200.70,200.70,12052503,GLD
2024-09-08,196.97,197.56,196.77,197.16,197.16,12525204,GLD
2024-09-09,200.54,201.14,200.34,200.74,200.74,11333337,GLD
2024-09-10,197.99,198.58,197.79,198.19,198.19,14047957,GLD
2024-09-11,200.57,201.17,200.36,200.77,200.77,7231198,GLD
2024-09-12,199.34,199.94,199.14,199.54,199.54,7994290,GLD
2024-09-13,197.56,198.15,197.36,197.76,197.76,14013701,GLD
2024-09-14,196.63,197.22,196.43,196.83,196.83,8736121,GLD
2024-09-15,197.44,198.03,197.24,197.63,197.63,5058272,GLD
2024-09-16,197.73,198.33,197.53,197.93,197.93,12767916,GLD
2024-09-17,191.20,191.78,191.01,191.39,191.39,14134277,GLD
2024-09-18,189.25,189.82,189.06,189.44,189.44,8853123,GLD
2024-09-19,190.30,190.88,190.11,190.49,190.49,9152562,GLD
2024-09-20,189.06,189.62,188.87,189.25,189.25,8162177,GLD
2024-09-21,189.42,189.99,189.23,189.61,189.61,6893218,GLD
2024-09-22,192.73,193.30,192.53,192.92,192.92,5262492,GLD
2024-09-23,193.45,194.03,193.25,193.64,193.64,9037710,GLD
2024-09-24,193.78,194.36,193.58,193.97,193.97,5563316,GLD
2024-09-25,194.85,195.43,194.65,195.04,195.04,12490038,GLD
2024-09-26,191.91,192.49,191.72,192.10,192.10,5816653,GLD
2024-09-27,189.88,190.45,189.69,190.07,190.07,9105957,GLD
2024-09-28,189.78,190.35,189.59,189.97,189.97,8931560,GLD
2024-09-29,187.51,188.07,187.32,187.70,187.70,14055666,GLD
2024-09-30,188.47,189.03,188.28,188.65,188.65,5946973,GLD
2024-10-01,192.92,193.50,192.73,193.12,193.12,7351084,GLD
2024-10-02,191.05,191.62,190.86,191.24,191.24,14665527,GLD
2024-10-03,191.04,191.62,190.85,191.23,191.23,10350316,GLD
2024-10-04,187.59,188.16,187.40,187.78,187.78,10379867,GLD
2024-10-05,185.82,186.38,185.63,186.00,186.00,8974590,GLD
2024-10-06,185.46,186.02,185.27,185.64,185.64,13745141,GLD
2024-10-07,186.67,187.23,186.48,186.86,186.86,8708481,GLD
2024-10-08,185.17,185.72,184.98,185.35,185.35,14340180,GLD
2024-10-09,186.13,186.68,185.94,186.31,186.31,14926527,GLD
2024-10-10,189.74,190.31,189.55,189.93,189.93,12167236,GLD
2024-10-11,186.34,186.90,186.16,186.53,186.53,14325626,GLD
2024-10-12,180.39,180.93,180.21,180.57,180.57,11394713,GLD
2024-10-13,180.59,181.13,180.41,180.77,180.77,13799030,GLD
2024-10-14,179.68,180.22,179.50,179.86,179.86,7503456,GLD
2024-10-15,181.75,182.30,181.57,181.93,181.93,10031294,GLD
2024-10-16,179.18,179.72,179.00,179.36,179.36,12944327,GLD
2024-10-17,181.74,182.29,181.56,181.92,181.92,9042775,GLD
2024-10-18,182.85,183.40,182.67,183.04,183.04,7421820,GLD
2024-10-19,181.38,181.93,181.20,181.57,181.57,12768273,GLD
2024-10-20,183.83,184.38,183.64,184.01,184.01,11987842,GLD
2024-10-21,182.42,182.96,182.23,182.60,182.60,14349720,GLD
2024-10-22,180.32,180.86,180.14,180.50,180.50,9278117,GLD
2024-10-23,179.95,180.50,179.77,180.13,180.13,8411424,GLD
2024-10-24,179.57,180.11,179.39,179.75,179.75,12546170,GLD
2024-10-25,180.37,180.91,180.19,180.55,180.55,11225647,GLD
2024-10-26,183.31,183.86,183.13,183.49,183.49,8195751,GLD
2024-10-27,185.29,185.84,185.10,185.47,185.47,5864641,GLD
2024-10-28,184.94,185.49,184.75,185.12,185.12,5663497,GLD
2024-10-29,188.27,188.84,188.09,188.46,188.46,6221118,GLD
2024-10-30,189.76,190.33,189.57,189.95,189.95,14375955,GLD
2024-10-31,193.37,193.95,193.17,193.56,193.56,8640933,GLD
2024-11-01,188.76,189.33,188.57,188.95,188.95,10586214,GLD
2024-11-02,189.39,189.96,189.20,189.58,189.58,10086650,GLD
2024-11-03,189.81,190.38,189.62,190.00,190.00,8188068,GLD
2024-11-04,189.75,190.32,189.56,189.94,189.94,6968239,GLD
2024-11-05,189.71,190.28,189.52,189.90,189.90,9070038,GLD
2024-11-06,185.93,186.49,185.75,186.12,186.12,8431161,GLD
2024-11-07,184.66,185.21,184.47,184.84,184.84,10395804,GLD
2024-11-08,185.68,186.24,185.50,185.87,185.87,9748945,GLD
2024-11-09,183.71,184.26,183.52,183.89,183.89,11027375,GLD
2024-11-10,185.60,186.16,185.41,185.78,185.78,10174467,GLD
2024-11-11,185.44,186.00,185.26,185.63,185.63,13342928,GLD
2024-11-12,188.14,188.71,187.95,188.33,188.33,12818250,GLD
2024-11-13,193.36,193.95,193.17,193.56,193.56,12876742,GLD
2024-11-14,197.21,197.80,197.01,197.40,197.40,10372622,GLD
2024-11-15,199.20,199.80,199.00,199.40,199.40,11944595,GLD
2024-11-16,198.06,198.66,197.86,198.26,198.26,5766977,GLD
2024-11-17,196.55,197.14,196.35,196.74,196.74,7448176,GLD
2024-11-18,195.95,196.54,195.75,196.14,196.14,5272124,GLD
2024-11-19,195.62,196.20,195.42,195.81,195.81,14716405,GLD
2024-11-20,201.13,201.73,200.93,201.33,201.33,12005797,GLD
2024-11-21,200.72,201.32,200.52,200.92,200.92,8859072,GLD
2024-11-22,202.29,202.90,202.09,202.49,202.49,11372653,GLD
2024-11-23,200.68,201.28,200.48,200.88,200.88,14238248,GLD
2024-11-24,199.95,200.55,199.75,200.15,200.15,10663388,GLD
2024-11-25,199.79,200.39,199.59,199.99,199.99,13230828,GLD
2024-11-26,204.27,204.89,204.07,204.48,204.48,12731427,GLD
2024-11-27,206.46,207.08,206.25,206.66,206.66,7839807,GLD
2024-11-28,210.34,210.97,210.13,210.55,210.55,7348114,GLD
2024-11-29,209.84,210.47,209.63,210.05,210.05,14095547,GLD
2024-11-30,207.02,207.64,206.81,207.22,207.22,5985360,GLD
2024-12-01,202.36,202.97,202.16,202.57,202.57,6247057,GLD
2024-12-02,201.71,202.31,201.51,201.91,201.91,5813936,GLD
2024-12-03,201.97,202.58,201.77,202.18,202.18,8882808,GLD
2024-12-04,199.53,200.12,199.33,199.72,199.72,6140312,GLD
2024-12-05,199.48,200.08,199.28,199.68,199.68,13484790,GLD
2024-12-06,199.21,199.80,199.01,199.41,199.41,12650572,GLD
2024-12-07,196.93,197.52,196.73,197.13,197.13,13106820,GLD
2024-12-08,199.31,199.91,199.11,199.51,199.51,13184838,GLD
2024-12-09,202.28,202.89,202.08,202.49,202.49,11901115,GLD
2024-12-10,202.62,203.23,202.42,202.82,202.82,5198826,GLD
2024-12-11,206.53,207.15,206.32,206.74,206.74,13988193,GLD
2024-12-12,206.99,207.61,206.78,207.20,207.20,9809835,GLD
2024-12-13,211.55,212.19,211.34,211.77,211.77,12223819,GLD
2024-12-14,212.10,212.73,211.88,212.31,212.31,8007598,GLD
2024-12-15,213.03,213.67,212.82,213.25,213.25,7498085,GLD
2024-12-16,213.79,214.44,213.58,214.01,214.01,9042786,GLD
2024-12-17,214.96,215.60,214.74,215.17,215.17,10946534,GLD
2024-12-18,217.94,218.60,217.73,218.16,218.16,9484964,GLD
2024-12-19,218.28,218.94,218.07,218.50,218.50,11812009,GLD
2024-12-20,217.31,217.96,217.09,217.52,217.52,12700704,GLD
2024-12-21,210.07,210.70,209.86,210.28,210.28,8789255,GLD
2024-12-22,207.06,207.69,206.86,207.27,207.27,10032739,GLD
2024-12-23,205.16,205.78,204.96,205.37,205.37,5531577,GLD
2024-12-24,200.83,201.44,200.63,201.03,201.03,6568678,GLD
2024-12-25,198.93,199.53,198.73,199.13,199.13,12986040,GLD
2024-12-26,200.27,200.87,200.07,200.47,200.47,5941452,GLD
2024-12-27,197.87,198.46,197.67,198.07,198.07,6387242,GLD
2024-12-28,195.11,195.69,194.91,195.30,195.30,13386232,GLD
2024-12-29,197.04,197.64,196.85,197.24,197.24,10557798,GLD
2024-12-30,194.27,194.86,194.08,194.47,194.47,14493498,GLD
2024-12-31,200.54,201.14,200.34,200.74,200.74,13861040,GLD
2025-01-01,199.66,200.26,199.46,199.86,199.86,5713900,GLD
2025-01-02,200.35,200.95,200.15,200.55,200.55,14509060,GLD
2025-01-03,205.53,206.14,205.32,205.73,205.73,12977571,GLD
2025-01-04,204.83,205.44,204.62,205.03,205.03,9703878,GLD
2025-01-05,210.40,211.03,210.19,210.61,210.61,14110543,GLD
2025-01-06,209.84,210.47,209.63,210.05,210.05,10276177,GLD
2025-01-07,209.63,210.26,209.42,209.84,209.84,5262699,GLD
2025-01-08,212.92,213.56,212.71,213.13,213.13,11682298,GLD
2025-01-09,212.15,212.78,211.93,212.36,212.36,6290796,GLD
2025-01-10,211.19,211.82,210.98,211.40,211.40,14507579,GLD
2025-01-11,214.34,214.99,214.13,214.56,214.56,11528964,GLD
2025-01-12,212.97,213.61,212.75,213.18,213.18,11439870,GLD
2025-01-13,210.15,210.78,209.94,210.36,210.36,7347981,GLD
2025-01-14,211.16,211.80,210.95,211.37,211.37,6315798,GLD
2025-01-15,207.46,208.08,207.25,207.66,207.66,13401909,GLD
2025-01-16,207.43,208.05,207.22,207.64,207.64,6638895,GLD
2025-01-17,205.18,205.80,204.97,205.39,205.39,12333124,GLD
2025-01-18,205.33,205.95,205.13,205.54,205.54,14992655,GLD
2025-01-19,206.35,206.97,206.14,206.55,206.55,11655572,GLD
2025-01-20,208.55,209.17,208.34,208.75,208.75,9585666,GLD
2025-01-21,208.16,208.78,207.95,208.36,208.36,12558977,GLD
2025-01-22,205.86,206.48,205.65,206.07,206.07,11298619,GLD
2025-01-23,206.04,206.66,205.83,206.24,206.24,12245206,GLD
2025-01-24,207.37,207.99,207.16,207.58,207.58,11376562,GLD
2025-01-25,210.45,211.08,210.24,210.66,210.66,6437708,GLD
2025-01-26,210.78,211.42,210.57,210.99,210.99,9134741,GLD
2025-01-27,208.73,209.36,208.52,208.94,208.94,6233237,GLD
2025-01-28,210.03,210.66,209.82,210.24,210.24,7588336,GLD
2025-01-29,210.79,211.43,210.58,211.01,211.01,11536772,GLD
2025-01-30,210.35,210.98,210.14,210.56,210.56,5087161,GLD
2025-01-31,211.48,212.12,211.27,211.70,211.70,10171869,GLD
2025-02-01,207.49,208.11,207.28,207.69,207.69,6715158,GLD
2025-02-02,208.96,209.59,208.75,209.17,209.17,7223098,GLD
2025-02-03,211.28,211.91,211.07,211.49,211.49,14344658,GLD
2025-02-04,212.72,213.36,212.51,212.94,212.94,14306992,GLD
2025-02-05,211.58,212.21,211.37,211.79,211.79,6503554,GLD
2025-02-06,211.53,212.16,211.32,211.74,211.74,10937696,GLD
2025-02-07,208.34,208.97,208.14,208.55,208.55,10443037,GLD
2025-02-08,207.26,207.88,207.05,207.47,207.47,11463219,GLD
2025-02-09,209.86,210.49,209.65,210.07,210.07,6421022,GLD
2025-02-10,210.11,210.74,209.90,210.32,210.32,14387465,GLD
2025-02-11,215.92,216.57,215.71,216.14,216.14,14595903,GLD
2025-02-12,211.94,212.58,211.73,212.16,212.16,13742683,GLD
2025-02-13,213.19,213.83,212.98,213.41,213.41,7329349,GLD
2025-02-14,215.43,216.07,215.21,215.64,215.64,9511711,GLD
2025-02-15,214.52,215.16,214.30,214.73,214.73,6061446,GLD
2025-02-16,217.41,218.06,217.19,217.63,217.63,7805274,GLD
2025-02-17,214.95,215.60,214.74,215.17,215.17,13124053,GLD
2025-02-18,216.07,216.72,215.85,216.29,216.29,6290526,GLD
2025-02-19,212.11,212.75,211.90,212.32,212.32,13318184,GLD
2025-02-20,216.84,217.49,216.62,217.05,217.05,14962418,GLD
2025-02-21,214.74,215.38,214.52,214.95,214.95,7273137,GLD
2025-02-22,212.87,213.51,212.66,213.09,213.09,10111313,GLD
2025-02-23,215.48,216.12,215.26,215.69,215.69,11373495,GLD
2025-02-24,215.63,216.28,215.42,215.85,215.85,10528792,GLD
2025-02-25,213.12,213.76,212.91,213.33,213.33,14972258,GLD
2025-02-26,214.16,214.80,213.94,214.37,214.37,7283789,GLD
2025-02-27,213.11,213.75,212.90,213.33,213.33,8369728,GLD
2025-02-28,216.46,217.11,216.24,216.68,216.68,13036449,GLD
2025-03-01,213.87,214.51,213.65,214.08,214.08,10354241,GLD
2025-03-02,220.01,220.67,219.79,220.23,220.23,9889688,GLD
2025-03-03,219.70,220.36,219.48,219.92,219.92,14661651,GLD
2025-03-04,216.03,216.68,215.81,216.25,216.25,9067204,GLD
2025-03-05,215.11,215.75,214.89,215.32,215.32,11592357,GLD
2025-03-06,217.01,217.66,216.79,217.23,217.23,11123944,GLD
2025-03-07,219.59,220.24,219.37,219.81,219.81,14935920,GLD
2025-03-08,221.86,222.52,221.63,222.08,222.08,14154137,GLD
2025-03-09,223.84,224.51,223.62,224.06,224.06,5451577,GLD
2025-03-10,228.04,228.72,227.81,228.26,228.26,12744735,GLD
2025-03-11,229.84,230.53,229.61,230.07,230.07,9887726,GLD
2025-03-12,229.22,229.91,228.99,229.45,229.45,6160289,GLD
2025-03-13,231.33,232.02,231.09,231.56,231.56,11864256,GLD
2025-03-14,226.88,227.56,226.65,227.11,227.11,13376917,GLD
2025-03-15,228.41,229.10,228.18,228.64,228.64,9239295,GLD
2025-03-16,230.24,230.93,230.01,230.47,230.47,7586094,GLD
2025-03-17,229.23,229.92,229.00,229.46,229.46,6240929,GLD
2025-03-18,224.54,225.21,224.32,224.77,224.77,12534089,GLD
2025-03-19,227.66,228.34,227.43,227.89,227.89,11724393,GLD
2025-03-20,227.52,228.20,227.29,227.75,227.75,13965197,GLD
2025-03-21,221.43,222.09,221.21,221.65,221.65,12017921,GLD
2025-03-22,221.23,221.89,221.00,221.45,221.45,14120853,GLD
2025-03-23,228.06,228.75,227.84,228.29,228.29,14007787,GLD
2025-03-24,229.76,230.45,229.53,229.99,229.99,14962645,GLD
2025-03-25,229.05,229.74,228.82,229.28,229.28,9164624,GLD
2025-03-26,228.21,228.90,227.98,228.44,228.44,10956059,GLD
2025-03-27,230.15,230.84,229.92,230.38,230.38,14449268,GLD
2025-03-28,233.49,234.19,233.25,233.72,233.72,11704473,GLD
2025-03-29,235.99,236.70,235.76,236.23,236.23,12221845,GLD
2025-03-30,235.52,236.22,235.28,235.75,235.75,6777454,GLD
2025-03-31,237.75,238.46,237.51,237.98,237.98,13567725,GLD
2025-04-01,237.94,238.65,237.70,238.18,238.18,13703982,GLD
2025-04-02,233.92,234.62,233.68,234.15,234.15,8708297,GLD
2025-04-03,232.44,233.14,232.20,232.67,232.67,12478923,GLD
2025-04-04,230.30,230.99,230.07,230.53,230.53,14874900,GLD
2025-04-05,232.53,233.23,232.30,232.77,232.77,13396422,GLD
2025-04-06,238.26,238.98,238.02,238.50,238.50,13099554,GLD
2025-04-07,246.40,247.14,246.15,246.65,246.65,6754047,GLD
2025-04-08,244.57,245.31,244.33,244.82,244.82,6440404,GLD
2025-04-09,250.96,251.72,250.71,251.21,251.21,6947320,GLD
2025-04-10,253.40,254.16,253.14,253.65,253.65,10843985,GLD
2025-04-11,249.15,249.90,248.90,249.40,249.40,10232651,GLD
2025-04-12,246.31,247.05,246.07,246.56,246.56,13742856,GLD
2025-04-13,250.68,251.43,250.43,250.93,250.93,13102153,GLD
2025-04-14,249.94,250.69,249.69,250.19,250.19,12590804,GLD
2025-04-15,251.10,251.85,250.85,251.35,251.35,10350413,GLD
2025-04-16,251.98,252.73,251.73,252.23,252.23,6930810,GLD
2025-04-17,252.40,253.16,252.15,252.66,252.66,5378915,GLD
2025-04-18,255.01,255.77,254.75,255.26,255.26,7757404,GLD
2025-04-19,251.47,252.22,251.22,251.72,251.72,9092180,GLD
2025-04-20,247.71,248.46,247.47,247.96,247.96,10553084,GLD
2025-04-21,247.39,248.13,247.14,247.63,247.63,14392706,GLD
2025-04-22,244.48,245.21,244.23,244.72,244.72,11795568,GLD
2025-04-23,245.98,246.72,245.74,246.23,246.23,8094587,GLD
2025-04-24,247.71,248.46,247.47,247.96,247.96,11636771,GLD
2025-04-25,251.77,252.53,251.52,252.02,252.02,5489765,GLD
2025-04-26,251.33,252.08,251.07,251.58,251.58,12542617,GLD
2025-04-27,245.15,245.88,244.90,245.39,245.39,14935520,GLD
2025-04-28,244.95,245.68,244.70,245.19,245.19,8603680,GLD
2025-04-29,245.11,245.85,244.87,245.36,245.36,8452490,GLD
2025-04-30,244.35,245.08,244.10,244.59,244.59,6049645,GLD
2025-05-01,248.90,249.65,248.65,249.15,249.15,14686290,GLD
2025-05-02,253.81,254.57,253.56,254.06,254.06,8136665,GLD
2025-05-03,257.54,258.32,257.29,257.80,257.80,11136988,GLD
2025-05-04,256.03,256.79,255.77,256.28,256.28,9401559,GLD
2025-05-05,259.10,259.87,258.84,259.35,259.35,13212178,GLD
2025-05-06,254.78,255.54,254.52,255.03,255.03,11520284,GLD
2025-05-07,254.07,254.83,253.82,254.32,254.32,11585795,GLD
2025-05-08,251.71,252.47,251.46,251.96,251.96,12681625,GLD
2025-05-09,250.31,251.06,250.06,250.56,250.56,7894531,GLD
2025-05-10,252.19,252.95,251.94,252.45,252.45,9990296,GLD
2025-05-11,247.88,248.63,247.63,248.13,248.13,14901382,GLD
2025-05-12,249.31,250.06,249.06,249.56,249.56,6977390,GLD
2025-05-13,250.17,250.92,249.92,250.42,250.42,9002586,GLD
2025-05-14,249.57,250.32,249.32,249.82,249.82,7371602,GLD
2025-05-15,251.41,252.17,251.16,251.66,251.66,13570219,GLD
2025-05-16,248.35,249.10,248.11,248.60,248.60,14643645,GLD
2025-05-17,250.99,251.75,250.74,251.24,251.24,11437584,GLD
2025-05-18,247.96,248.71,247.72,248.21,248.21,14015728,GLD
2025-05-19,249.61,250.36,249.36,249.86,249.86,7906397,GLD
2025-05-20,246.39,247.13,246.14,246.64,246.64,7353785,GLD
2025-05-21,245.28,246.02,245.03,245.53,245.53,8138993,GLD
2025-05-22,244.06,244.79,243.81,244.30,244.30,5899447,GLD
2025-05-23,247.05,247.79,246.81,247.30,247.30,11023677,GLD
2025-05-24,250.36,251.11,250.11,250.61,250.61,8273712,GLD
2025-05-25,249.38,250.13,249.13,249.63,249.63,11441514,GLD
2025-05-26,252.89,253.65,252.64,253.14,253.14,13304216,GLD
2025-05-27,252.13,252.89,251.88,252.38,252.38,11864135,GLD
2025-05-28,250.93,251.68,250.68,251.18,251.18,12446596,GLD
2025-05-29,248.12,248.86,247.87,248.36,248.36,13199017,GLD
2025-05-30,250.08,250.83,249.83,250.33,250.33,8699871,GLD
2025-05-31,253.49,254.25,253.23,253.74,253.74,9900455,GLD
2025-06-01,255.66,256.43,255.41,255.92,255.92,9843084,GLD
2025-06-02,256.16,256.93,255.91,256.42,256.42,7822078,GLD
2025-06-03,256.97,257.75,256.72,257.23,257.23,13309978,GLD
2025-06-04,253.12,253.88,252.86,253.37,253.37,14222874,GLD
2025-06-05,249.22,249.96,248.97,249.47,249.47,9494430,GLD
2025-06-06,249.00,249.75,248.75,249.25,249.25,14111809,GLD
2025-06-07,250.32,251.07,250.07,250.57,250.57,5698108,GLD
2025-06-08,247.80,248.54,247.55,248.05,248.05,12404902,GLD
2025-06-09,239.22,239.94,238.98,239.46,239.46,6718262,GLD
2025-06-10,236.78,237.49,236.54,237.01,237.01,9152891,GLD
2025-06-11,233.62,234.32,233.39,233.86,233.86,12545256,GLD
2025-06-12,243.89,244.62,243.65,244.13,244.13,9409307,GLD
2025-06-13,240.81,241.53,240.57,241.05,241.05,12366370,GLD
2025-06-14,245.19,245.93,244.95,245.44,245.44,6969410,GLD
2025-06-15,245.59,246.33,245.34,245.83,245.83,14863726,GLD
2025-06-16,243.50,244.23,243.25,243.74,243.74,10882609,GLD
2025-06-17,246.12,246.86,245.88,246.37,246.37,12183451,GLD
2025-06-18,243.07,243.80,242.82,243.31,243.31,7784709,GLD
2025-06-19,239.30,240.02,239.06,239.54,239.54,8471922,GLD
2025-06-20,236.00,236.70,235.76,236.23,236.23,5995859,GLD
2025-06-21,232.88,233.58,232.65,233.12,233.12,14039036,GLD
2025-06-22,231.46,232.16,231.23,231.69,231.69,7824903,GLD
2025-06-23,229.57,230.26,229.34,229.80,229.80,9854206,GLD
2025-06-24,233.47,234.17,233.23,233.70,233.70,14608908,GLD
2025-06-25,232.91,233.61,232.68,233.14,233.14,6597613,GLD
2025-06-26,238.45,239.16,238.21,238.69,238.69,7274804,GLD
2025-06-27,243.38,244.11,243.14,243.62,243.62,5994652,GLD
2025-06-28,242.24,242.97,242.00,242.48,242.48,9652716,GLD
2025-06-29,243.31,244.04,243.06,243.55,243.55,7226183,GLD
2025-06-30,242.23,242.95,241.98,242.47,242.47,9188889,GLD
2025-07-01,243.83,244.56,243.59,244.07,244.07,9153279,GLD
2025-07-02,245.93,246.67,245.68,246.18,246.18,11588425,GLD
2025-07-03,242.11,242.84,241.87,242.36,242.36,9508325,GLD
2025-07-04,242.41,243.14,242.17,242.66,242.66,11949543,GLD
2025-07-05,241.65,242.37,241.41,241.89,241.89,6561871,GLD
2025-07-06,242.51,243.24,242.26,242.75,242.75,11758714,GLD
2025-07-07,240.22,240.94,239.98,240.46,240.46,11191986,GLD
2025-07-08,240.04,240.76,239.80,240.28,240.28,12628527,GLD
2025-07-09,242.53,243.25,242.28,242.77,242.77,5041491,GLD
2025-07-10,241.78,242.50,241.54,242.02,242.02,6562657,GLD
2025-07-11,241.44,242.17,241.20,241.68,241.68,11009980,GLD
2025-07-12,238.30,239.02,238.07,238.54,238.54,6062512,GLD
2025-07-13,239.17,239.89,238.93,239.41,239.41,12208215,GLD
2025-07-14,236.44,237.15,236.21,236.68,236.68,8554277,GLD
2025-07-15,233.99,234.69,233.75,234.22,234.22,9757902,GLD
2025-07-16,234.12,234.82,233.88,234.35,234.35,10666591,GLD
2025-07-17,232.74,233.44,232.51,232.97,232.97,13142618,GLD
2025-07-18,232.35,233.05,232.12,232.59,232.59,10766993,GLD
2025-07-19,236.12,236.83,235.88,236.36,236.36,5770794,GLD
2025-07-20,233.20,233.90,232.97,233.44,233.44,6670586,GLD
2025-07-21,229.51,230.20,229.28,229.74,229.74,5273155,GLD
2025-07-22,225.82,226.50,225.60,226.05,226.05,7084353,GLD
2025-07-23,227.30,227.99,227.08,227.53,227.53,12659103,GLD
2025-07-24,226.66,227.34,226.44,226.89,226.89,5011340,GLD
2025-07-25,229.58,230.27,229.35,229.81,229.81,7213134,GLD
2025-07-26,229.47,230.16,229.24,229.70,229.70,10064462,GLD
2025-07-27,232.98,233.68,232.75,233.22,233.22,9597283,GLD
2025-07-28,238.49,239.21,238.25,238.73,238.73,6565985,GLD
2025-07-29,237.31,238.03,237.08,237.55,237.55,11238503,GLD
2025-07-30,235.58,236.28,235.34,235.81,235.81,7777050,GLD
2025-07-31,239.38,240.10,239.14,239.62,239.62,8928281,GLD
2025-08-01,240.71,241.44,240.47,240.95,240.95,12201300,GLD
2025-08-02,238.24,238.96,238.00,238.48,238.48,5018225,GLD
2025-08-03,234.59,235.30,234.36,234.83,234.83,8580613,GLD
2025-08-04,233.15,233.85,232.92,233.39,233.39,8794852,GLD
2025-08-05,233.42,234.12,233.18,233.65,233.65,13714828,GLD
